user_name	mensagens
HasanAbi	300
zackrawrr	300
jasontheween	300
Lacy	300
stableronaldo	300
2xRaKai	300
SanteaTv	0
Jinnytty	300
PlaqueBoyMax	0
ExtraEmily	9
AlveusSanctuary	300
Marlon	15
wendolynortizz	0
Jynxzi	300
Arky	300
xQc	300
Yugi2x	300
MidnightSumo	7
BruceDropEmOff	0
caseoh_	300
ironmouse	300
ohnePixel	300
robcdee	2
Cinna	300
caseoh247	13
PaymoneyWubby	300
Joe_Bartolozzi	300
Silky	43
Hitch	0
RealKatieB	300
Central_Committee	300
Ludwig	300
cyr	59
slimeIRL	0
willneff	300
CodeMiko	8
Velcuz	33
hexy	0
mooda	3
carterefe	0
HumanDilemma	2
hello_kiko	0
peller	0
Tray	199
PoliceChaseNetwork	4
RDCgaming	0
santipulgaz	300
carolinekwan	300
vanillamace	0
sakurashymko	43
Bonnie	50
Morgpie	0
Faith	15
wakewilder	121
deme	300
LowTierGod	29
YonnaJay	0
Denims	0
문뚜야	0
Maya	0
Atrioc	0
Zentreya	4
CDawg	0
itsKatchii	37
KokoNuts	300
bradygoo	300
Flight23white	300
Quin69	300
mazellovvv	0
Knut	231
SmugAlana	300
FaZeBanks	0
udbmm	0
vedal987	7
agendafreetv	48
epecn	0
swudp	0
jayunmatched	67
Emiru	300
Zoil	300
AMOURANTH	10
LaynaLazar	0
MichiMochievee	0
TenzinNiznet	300
CookSux	191
kyootbot	0
erobb221	300
mole	0
lydiaviolet	300
thetitaylor	0
Saruei	0
Grimmi	0
NoraExplorer	0
crelly	300
henyathegenius	0
asianbunnyx	0
kattpaccino	0
yusuf7n	300
qoqsik	0
juliakins	0
GloriaMatvien	0
TheMajorityReport	0
sarahbridgewater	0
Alinity	0
sunnys	300
tfyau	0
vabzp	0
MISTERARTHER	0
Sydeon	0
iitgx	0
Adapt	69
YEBshow	0
Lyasyaa	3
TheStockGuy	300
Powdur	300
forsen	300
gracehan_	0
Reginald	0
sadgirl	48
Agent00	300
dannyaarons	300
STRUGGLE_4	79
Leaflit	0
firedancer	4
Yoshimyan	10
a2guapo	300
Kirsche	0
akaNemsko	9
zmoothly	0
pokelawls	300
Deansocool	300
kelo	65
EsfandTV	122
LIRIK	300
BluKitsune9	120
Pezzzy	6
kumi	300
Aquwa	2
Vangard	0
Blueryai	0
Arrav	0
ChristinaandAmber	300
whatever	300
cerberVT	10
윤개굴이	0
therealbigwinnn	1
jakeydavies	0
Dantes	71
Abgxlina	0
npxzl	0
Limmy	12
Arielle	202
rawdogmoon	300
Trickywi	0
rayasianboy	96
jankyrondo	300
moistcr1tikal	32
Buffpup	0
elfyou	1
Madi2hottyy	0
HutchMF	40
totaamc	0
Bigpuffer	0
ytTALK2MENICE	45
MegalodonVT	0
Aryssa614	0
syanne	35
pbavx	0
Northernlion	300
kopsteep	13
obkatiekat	0
zgouo	0
ShawnCee	0
nihmune	0
YUY_IX	0
Shylily	72
ijtet	0
tbvnks	28
LucyPyre	300
BerryCrepe	96
kwekuaddo	1
Sweet_Anita	79
uwtdc	0
mira	0
mariabagatti	0
MapleTakes	0
supcaitlin	102
FemboySandwich	1
supertf	300
falco	0
xpmos	0
CarsonHocevar	0
Victoria	0
nyxie	7
waterlynn	0
gremloe	22
miqyn	0
hxmkw	0
jlgtr	0
ycycs	0
xzrun	0
nsnnr	0
axsrm	0
xvfui	0
qlmpa	0
lthif	0
mucva	0
itlmw	0
zezje	0
xywrz	0
gfppw	0
xtzzb	0
owwmt	0
ornct	0
rmqta	0
mbncp	0
dfhfq	0
jyskn	0
wsfxs	0
dovrz	0
fcbge	0
zqfao	0
tpgcz	0
jqqku	0
hdqze	0
rbhgc	0
dsphw	0
ybduh	0
sasnv	0
nqwas	0
brptp	0
vxbnk	0
ucjps	0
hvqvj	0
sczfr	0
wzdni	0
pciki	0
ttqnr	0
hxcmz	0
wwxbw	0
qkvsz	0
ztwvp	0
shamnyc	0
uxyxm	0
epkfq	0
ustjd	0
pxdwe	0
rosedoodle	0
qebfa	0
rmtaw	0
gpued	0
mrgzi	0
LasVegasVP	0
UpMinaa	0
cvyda	0
pnfen	0
gwdsm	0
Kenji	0
gxwys	0
nsbbe	0
cnfdm	0
kuhuq	0
Vienna	0
jdqqz	0
Foolish	300
salmmus	151
joyymei	0
F1NN5TER	0
fanfan	0
projektmelody	0
BigDJGhost	28
Buni	33
PorcelainMaid	8
Zumi	1
Tubbo	22
QuarterJade	4
YungeenAce	0
Gingy	300
Emilycc	300
Limealicious	0
wehoopinx	0
papamutt	238
NYKchazza	178
fuslie	14
Pokemon	0
angryginge13	300
enemycharlie	0
nyanners	296
JalensWorld_	0
FroggyLoch	0
Maximilian_DOOD	0
Kaiju_Waifu	0
CONEY	2
Mande	300
Elina	0
Plug	48
ChaChaYourVmom	62
KairyuCrocodile	300
Kaise	0
AstaBush	3
sodapoppin	2
Kaceytron	0
UWOSLAB	300
Spite	0
ClioAite	46
Th3Discourse	1
StrawberryTabby	0
nekrolina	0
Bebahan	0
Suzooiey	3
aliciaxlife	0
PSP1G	300
Valeria7K	0
emme	0
NymN	0
FRAIKI	0
KennyandChan	0
357broadway	1
KindaFunnyGames	0
detune	166
justketh	0
chromuchromu	19
nahyunworld	0
littlebunny_x	0
dorozea	99
Sinder	0
ShiaBun	2
Greekgodx	39
Rainhoe	0
Masayoshi	54
Klaire	0
Pippa	0
ElasticDroid	18
MARI	300
iTzRease	92
dano_mall	230
Peter	300
Berticuss	7
Rhyzohm	16
classic_christine	0
Gavrilka	0
YungBuffaloSauce	0
lasstishen	0
velvet_7	0
chibidoki	0
T10Nat	0
hyyjoe	73
ThePrimeagen	0
Valkyrae	300
KYRIOCIFER	22
ibabyrainbow	4
Divvity	0
K9KURO	0
Ellie_Minibot	0
sunnychristinaa	0
Mathil1	2
TinasTopia	0
aircool	1
Clix	300
Acie	0
Kalei	0
39daph	0
Saintone	2
ONLY1HOF	300
bluesclues124	2
yvonnie	0
Thetylilshow	0
NicholasLightTV	0
el_XoX	0
hailyXalyse	300
thewildlatina	0
AverageHarry_	0
hyoon	137
autsyn	0
SweeetTails	0
OmegaPro	7
Hafthorjulius	0
socpens	0
Kinkymation	0
glhnb	0
VulpesHD	13
DreDaTopicLive	0
fdsignifyre1	0
coreydarbo	20
reemknocks	56
CracBaby	0
XenosysVex	4
Kong	0
fryboydb	0
Ponden	0
HealthyGamer_GG	0
GP_TV	56
UHN	119
HAchubby	23
BorahaeHQ	0
SmallAnt	24
oiyzm	0
xoAeriel	0
marimari_en	0
OniGiri	300
WhyCue	1
Flats	4
calvinaiden	0
Giantwaffle	6
DeadBlossomJesse	300
Cristal_Asmr	0
Gigguk	0
anxstasia	3
gracelyra	0
EmberParadox	3
Rinnegoddess	2
johnlive890	193
Lucellia	4
aspenfinallyrichh	0
onedenizka1	0
WhiskeyDing0	0
해까닥여울이	0
jidionpremium	0
MooMooClover	0
Linny	0
shxtou	0
Marzzzzy	5
Ray	24
Majski227	0
Milagro_Gramz	0
RADIAACTIVE	0
MeltIsLIVE	0
vixi	0
DGthe99	56
megabearhugs	0
shazdelicious	0
hanner	13
carabeanz	0
Saeko	2
Skizzleman	0
Esskayuwu	1
StreamDatabase	2
Oxillery	5
Milky	0
Lychee	0
Nagzz	0
mishymolly	41
MintCastella	0
NurseHuckleberry	252
Arssenyav	6
buckefps	194
Max_Fewtrell	0
Samwitch	33
theresnoee	0
jihyorge	0
deathlyill	0
GEEGA	2
JimmyHere	0
spoonerdawg	114
Pilat	0
jiggyturner	0
Giwi	0
faxuty	0
itsRyanHiga	0
meilylol	58
suko	0
EmmaLayne	0
Haridade_	0
SeanDaBlack	0
ujxlg	0
HaiperEXE	107
richwcampbell	0
jcxmo	0
sincerelyjuju	0
DonutOperator	0
saintsakura	0
MafiaJinx	5
cimgj	0
schlont	0
brinziez	0
unnamednow00	0
toad	0
littlebear36	2
TheBlackHokage	0
JOEYKAOTYK	0
1jdab1	0
Vexoria_The_SunEater	0
Moonzkii	0
koalapuffslive	0
GoOffKings	0
jaycgee	0
Rachitroo_1	0
janifest	0
taysmcrr	0
chrismelberger	1
KaiVtuber	0
musim_official	0
MaryMaybe	0
vtwlb	0
Tuppeeyy	0
Lobanjicaa	300
PirateSoftware	16
itslunaaura	0
BullRacksin	0
KingSobe	0
InVain	0
CottontailVA	0
jakenbakeLIVE	0
austinmcbroom	0
MarshieVT	0
BayesiaNash	0
sonwabileovii	0
Bucklington	3
THENIGELB	0
ARUUU	300
peterpark	22
toma	12
WINNINGBIKINI	0
R3DxVelvet	0
MakoFukasame	0
DragonSpit	0
watashinogamer	0
qfcro	0
GabSmolders	0
jessicakohh	0
mira004	0
BarbarousKing	300
DeliverTheFood	0
gbxdb	0
bootyswagga	0
Kandyland	0
theadammcintyre	58
ognhi	0
Tyrone	40
izzyandalanna	0
Taylien	0
heinzbaines_	0
caughtbybk	0
shvfty__	0
GraceWitham	0
PixelDrinky	0
thatssoolauren	0
lagmasterpiece	0
Pieface23	0
parkenharbor	108
xChocoBars	0
Suto	0
chrisudalla	40
TommyKayLIVE	22
MBTYuGiOh	117
Chibu	0
RobbyBerger	0
girl__fighter	0
SpinusTV	0
BritBratTV	0
JERICHO	0
theatrinidad	0
Derapchu	0
Emiru247	0
RealArzell	8
빛베리	0
FCHWPO	0
Cinemarxism	4
Shirahiko	0
DoubleToasted	0
Bawkbasoup	0
wasabiicat	1
war_hamster6	3
KyleBosman	300
BtbDezzz	0
Develique	0
notdenims	0
athnessa	0
saweetheart	0
RaeLaveire	0
Jabroni_Mike	300
Twitch	0
EverythingNowShow	0
miia	12
Lucah	0
hgrjo	0
TheNicoleT	0
beribug	0
kkatamina	0
TinaKitten	0
MarkusKing	0
Caxyhh	0
celebi_cos	20
Meicha	15
AstralSpiff	0
RanbooLive	300
DyaRikku	1
zachbealetv	157
iodiopt	0
iGumdrop	0
CheeseLouise	0
Coach_H1	0
coolkidfrmbx	0
sugarhillddotlive	0
krypto_nat	0
Redshell	1
JakeWebber69	0
jameskibs	0
BigHowellDawdy	0
LittleAznChat	0
Tig1k_	0
bashbunni	0
nickgstreams	0
Fufu	0
Sayu	9
wh3erz	0
chriscotterr	21
balenzay	0
Rosiiwun	0
remilianephys	0
KingGothalion	46
OMGItsBirdman	0
gbln420	0
Sinuuki	3
cam2r	300
Ms_Tricky	0
helenalive	0
Nogla	14
alinaarosee	0
CallieCalico	0
GamesCage	300
Ebiko	0
melibela	2
rynenzo	0
tylil	0
jaystayup	300
meat	0
pumpkinpotion	0
Nosiiree	0
BLOU	0
NOMADI_	0
SocksBX	270
snuffy	0
Dinah	0
JonSandman	2
DizzyKitten	0
madeon	0
DDG	0
kelitarosita	0
PotasticP	0
ZERODOIOFFICIAL	0
maisy	0
nbmts	0
chefdevin7	0
TaigaxHolic	0
alekirser	0
Bolo	0
Nicoco	0
itmeJP	9
DJClancy	0
mfnyh	0
Vampykinz	0
octobherr	0
Senz	0
Shane_Hartline	0
SYMBXL	0
Honey	0
Mars_Fortuna	0
AngelaOreo	0
CyYuVtuber	24
fromgoat9	0
Tobs	87
mimoontv	0
vwyck	0
Preachlfw	300
Kyrieirving	0
Paryeet	0
quqco	0
Cewpins	2
donaCS	12
TonytheDuff	0
fl0m	300
FreshZoneTV	0
SnootyDeath	13
elBokeron	2
rosiebellmoo	0
YugopnikTwitch	0
meowbuffy	0
aksually	0
nikkoortizzz	0
chiblee	1
Canniny	1
KingWoolz	0
Lupac	4
Ninaninin	0
HeavenlyFather	18
STPeach	0
babygirlmiza	0
Conterstine	2
3MGLIVE	0
jacksfilms	0
Nadeshot	0
Luke	0
MattMorseLIVE	0
Grizzy	0
alexxcantdrive	0
Sommerset	9
Wangs	0
1microwavemax	0
LexiGraham	0
OverEzEggs	0
notdailey	0
DashCamOwnersAus	0
ujyli	0
therealtianamusarra	6
MaxGGs	173
saps	10
NotDaBlack	0
JoCat	0
ayofatnap	10
KiddNation	0
Makari	4
SincerelyAurora	0
LuminusRed	0
misterhyde55	0
sennyk4	84
DGR_Dave	87
BreesKnees	0
notdebpark	99
JeanFaymas	0
centinolive	0
DixeeChris	46
officialjaidynalexxis	0
ksAAA_	0
flarebahr	0
AdamPacitti	0
dima_wallhacks	300
SmallFryz	0
Strippin	0
Kamikaze_Shortbus	0
JaboodyShow	0
ohkatiemarie	1
TimTheTatman	0
mdot_59	8
Velkyen	1
qzjys	0
c8mxron21	6
tiffytimewwe	0
kessandhan	0
BasilWoof	300
uhSnow	1
BarleyTheBurr	0
KingSammelot	95
SeeCatPlay	0
lunity	0
itsstephlee	0
ChelzorTheDestroyer	4
MysticLight	0
Sneegsnag	0
Shiphtur	0
ryaah	0
peedenisonline	6
KingKreas	18
Boosfer	300
Enable	1
BruceGreene	0
derekgraz	0
AnnaDemetriou	24
yxlsalah	0
heyarcher_	0
TeosGame	0
joshtwoh	0
Shenpai	35
bashtheentertainer	0
sakurah	2
cloverrhouse	0
NekoElla	0
MissMercyy	0
ros3mnd	0
arthurtv	0
Ventress	0
kristinemaia	0
melina	0
LivAgar	0
noemi	0
ohKayBunny	0
CallMeCarsonLIVE	13
YoThatsEJ	1
bimten	0
sneakylol	21
sana_is_lifee	0
TheMrSark	13
pomatomaster	0
p4perback	6
Apollolol	2
owengejuicetv	15
PMSJordan	0
poopernoodle	0
antunya	3
DrDonutttttt	0
MARYxLEEEE	0
DokiDoMiki	0
AdrianaChechik_	0
scott_fr33	0
ItsSky	0
ZylaVale	0
paidwayyto	0
hamikuro	0
Eden	0
Yuzu	0
HansumFella	0
RNSmeer	0
JoeFudge	0
CameramanPaul	1
ShyThembo	10
HollyRex	0
maimy	0
favorite	0
mochiyooni	0
AssistMeDoom	4
cassiabree	0
MOTHERv3	1
hotrodd	0
APlatypuss	81
Nadia	0
LuxieGames	7
neurodetergent	0
devincaherly	0
ArthurAbbott	0
Vanessa_Lopez_Official	0
julien	0
MujinOfficial	0
priprilapri	8
ThatMartinKidTV	276
GhostySaige	0
MrLazerboy	0
hotspotstella	0
saucekill	0
Aliythia	0
andersonjph	4
Wolfsbanee	0
HamNCheddar	0
MataraKan	0
TubboLIVE	0
MapleChicken	0
KanekoLumi	0
CorgiCam	4
CharlParkesx	0
BASETRADETV	0
n0pants	1
dollblush	0
모르님_	0
arii	3
mikecakezlive	0
ClutchGoneGaming	1
ghcoffee	0
bajiru_EN	0
Niyeko	0
laribug	0
mooni	60
SuperButterBuns	15
Katrine	0
ZONEsama	0
aceakers	0
ellum	12
gigi	0
LordAethelstan	0
Ashens	0
MusicSportsLifeLive	0
Onisuna	0
Pipi_Slayer	40
LuluLuvely	0
PerriKaryal	26
Vio	4
bonniebonkers	0
HinaBoBina	0
giannirahh	0
imreallyimportant	0
Robbaz	1
silverrruns	0
MagicMagyTv	0
EmjayPlayss	0
badblando	0
studbudz	0
hpduketv	22
KristenLanae	0
BellaRamaTV	0
5ive	0
jaxvtuber	0
WiThOuTdEv	0
steyeuh	0
Granny	0
rjeanlouis	0
InnocentElixir	0
day500champ1530	0
shooshimooshi	0
RareGangster	4
deskyy9000	0
SaraJazz	0
furiousfade	184
kristinadaniellexo	0
ClairaClover	0
ravenalternative	0
Shoomimi	0
xoDee	0
Blue_Squadron	0
kana	0
RinPenrose	0
veronika	2
youngdabo	0
nater4L	0
CelestiumArt	0
astoldbyindigo	0
Fariis47	0
deepx58	0
Sethus	0
angie	0
badellzy	0
Louisa_Khovanski	0
HannahHyrule	0
shannonmais	0
vividlyVIVI	0
Datto	236
Hollywoodbrown5	0
Savii	4
Melizande	0
Yumi	0
TyKwonDoe	0
CuteDog_	0
SypherPK	0
missabs	0
Covent	7
blau	0
CinCinBear	0
InvaderVie	0
henemimi	0
drrilon	0
Merryweather	0
SantiZap	0
BasicallyIDoWrk	0
danioskam	0
AlodiaMarie	0
Stoopzz	0
ririgaki	0
itsyoyo808	0
wackawackamun	300
aikobliss	0
enotishka18	0
ster	0
blairmclurkin	0
Birdyovo	0
wifeLLC	0
erobb221live	0
jadeworld888	0
MiaMakesMusic	0
Nitya_Nil	0
t_jeff23	0
LNhistorian	0
KatAbughazaleh	0
Megaa	0
triciaisabirdy	0
dooby3D	0
Sanchovies	5
Eomzo	0
FLAKO	0
Liam	0
jennmcallister	300
LeeshCapeesh	0
AshAlk	0
alanahpearce	0
DEMOLITION_D	0
jccaylen	0
reinoart	0
MOREPEZZ2XP	0
6elle	0
P1Ski	0
itsRegtoofunny	0
sreme	0
Voll	6
ToriOriane	2
kikiyomimiii	0
Frankiep423	0
ZombieCleo	0
August_Anomaly	0
Jennifer	0
CaRtOoNz	0
ClaRawrrXD	0
Lexy	0
SkillSpecs	42
iiizwerg	1
JCbackfire	0
Clarence_Nyc	0
alvert	0
AmeDoll	0
freyzplayz	0
skyhook	0
hrxnx	0
MODCxz	10
UnsanityLIVE	0
Lumasva	300
harrisonsolomon	0
Wakibrine	0
Durrvish	0
hivise	300
smelly	0
deedge_live	0
Captain_Tubesocks	6
Thio	1
MadameDiablo	0
TommyYTz	0
MarysMilkMonsters	4
StephenGeorg	0
Cardboard_Cowboy	0
oddrey	0
kukuroneko	0
Harrie	0
caprisun	0
KiaraIRL	0
MarIsNotOkay	0
valerysnv7	300
canceliancarroll	0
ZChum	0
CRREAM	0
adpupuceshow_comptefan	0
janix	0
ReefRuff	11
Ziggylata	0
meiya	0
RUNABYT3	0
CungusTTV	0
RYNxRYN	0
bouncing_angel	0
vadriss	0
TSO_Sage	0
CaptainSparklez	0
baddii	0
slater	1
itsKaiKai_	0
maccdannyyy	0
EfeMachala	2
Albino	14
TapInWitToot	0
Nalopia	0
bigbeno03	6
Lumituber	0
TaylorxHx	0
GenghisKon83	0
LynnUnlimited	0
ripkairah	21
bigclivedotcom	0
eaJPark	0
irelina_	0
Teige2K	0
Rednu23	0
Xojas001	0
inksie	0
BIGSAM211	0
jeffgerstmann	0
Taylor_Jevaux	0
souly_ch	0
KaileyMae	0
lilyhops	0
whisqey	78
Emstrogen	0
cweamcat	0
twitch509livee	0
JasmineXu007	15
Peeve	0
sincerelyLyn	2
brazybecca	0
MySnagger	0
AsianJeff	0
Montbarque	0
qyehf	0
MinikoMew	0
hattiearm	31
xmassharkzz	0
mrduckfist	0
TheBiggestTone	0
ZachBussey	0
Onsta	0
Knotty	0
TBJZL	0
Fuzhpuzy	9
DrGluon	34
DigitalTrapGEM	0
estrimeer11	0
loxnp16	0
Carolinestormi	1
MissLalaVT	0
paybae	10
BraveNewFaves	0
king_auga	14
jacquelineeestreams	5
SigridAndBird	0
hellstxrs	0
VeryMuchSzn	0
SLE3PN_	0
nandre	0
floppyjimmie	0
PickleVT	0
SarahKey	0
expiresoon	0
Tenma	0
jellyhaeni	0
Bilal	0
HisOpticsLive	0
OMJess	0
babyhsu888	0
psychedeliacy	0
bunniemmie	0
AdamBomb	0
BooTheRat	28
catsen	0
Auroran_n	0
rencognito	0
daph	0
RyRyWorldTV	0
Getitleche	11
MashaD4	0
Nigelrovers	0
neikosamah	0
MODELMORG	0
NickDominates	0
KaoriLupine	60
MsDvil	0
Eastahh	152
MISSPBJ	0
PoopWitchX	21
Blair	53
tedious_dave	0
kcvzin	0
TeaWithMandy	0
bylanice	0
misa2	0
okelvis11	0
wenevergetyounger	54
Dexbonus	1
Bajo	0
eggspringroll	0
panchodoesitbetter	0
youney	1
Eilucat	0
Gatzbii	0
ZEUZ_0	3
DaddyManRice	0
arwinrahmany	0
foreignfridays	0
CDNThe3rd	0
marcrebillet	0
nahomiezephirin	0
PrimatePaige	0
ReaperKy7	0
Benjamin_Bucks	300
JackManifoldTV	0
pon4ik17666	0
Anthony_Kongphan	0
itzpinkice	0
one_supremee	0
MattyisTalking	0
Mykora	0
AmaLee	0
BUSHWHACK18	0
firedanza	0
trivitv	0
BODEGARRAT	0
hawkie	0
cnhvs	0
websterfn	176
Stanz	0
gloomi	0
Sloot	0
Juicy	0
DeFrancoLive	0
Saiiren	25
justereacts12	0
Shubble	0
AyyTrae	1
2s_Company	0
Wonni	0
thevalentinanappi	0
hackerling	0
MarceCatfish	5
MinyMontz	0
GordaoPD	0
Eeowna	0
aleks	2
snoozy	1
nothingb4kaiyo	0
LYRA	0
SkylordZoey	1
Kitsunero	0
LileeKuma	0
BarefootTasha	0
spicyuuu	201
yami_club	0
therealbigfather	27
yaboyyywill	0
babyking456789	0
Bisscute	0
prezoh	3
LotusAsakura	0
summyahmarie	13
intellegintt	0
mafiathontv_	0
pierre_edoolove	0
1Poxe	0
KrustyVlogs	0
niwenwen	5
RoraKyun	0
ActualJake	1
Aesdr	0
TmoneyHendriixx	0
tiny_karo	1
KingOfLightningGaming	0
vljqw	0
Kruzadar	0
AliAnimus	0
FESTlM	0
countdragons	0
mida123457	0
miyana	0
Blinkx_	300
restlysss	0
Juggsterrr	0
BigIraq	30
jhinxx	1
dokibird	0
SAVEHYMN	1
babyrich1k	0
Rinuyii	0
whoajaco	0
JaydenB_9	0
emilyywang	21
TiagoNWG	0
Ikumi	0
kanirosi	5
FiaTheGemini	0
LorChubby	0
xtpty	0
AllieStephens	0
Edline97	0
Cirno_TV	18
Yoclesh	9
mehlteds	0
TATIANACHANELL	0
Bubbell	0
stoopzzirl	0
Sonoket	0
littlesiha	0
toethumbtty	0
KaraCorvus	0
ChelseaBytes	0
ZAYGTM	1
ITzJIGGYYYY	0
flemgodthegreat	20
rickypeacock	0
Eros	0
SOZZLEPOPP	0
ICKYstreams	82
uplea1047	0
nataliecuomo	0
DrewCurtis	0
kingwess94	0
OOKVOID	0
mollyjcook	0
CUTEFREAK_	0
kwistina	0
fruity	11
HaleyTheMartian	0
OkDipStick	0
BeanDip	14
Rarri	11
onyohan	0
Bastila	0
davreltv	0
billzo	0
goddess4k	0
ellievandeel	0
A1phaChino	0
Autumnmello	1
ritaglitch	0
chrchie	0
YomiQuinnley	49
Elara	0
JiosukeJio	0
yourlunaeria	8
RawrReeXD	0
demisux	0
CashNastyGaming	0
KeeruhhPlays	0
theconnorobrien	0
mandamireu	0
willesage	0
LisasChillin	4
Stella	0
pikat	0
cind	18
JaelandGB	0
Kureepy	0
xau_xy	0
GassyMexican	0
NyyBeat	0
vlad_ncl	0
Redify	3
dsav1x	0
SunnySplosion	0
YFUBABY	0
billygoat	0
Frescoskillz	0
aimsey	47
itsInaYu	31
RayKhay	1
theneltwins	0
Starfmodel	0
luvstruck	0
elguru2025	0
KFG_Moosesasaurus	0
lesagesinging	0
emzberry	0
OfficialMaxtern	0
angelxoxo	0
ynlgeo	0
VickiValiant	3
xpro1232	0
aaasunrise	0
itz_reported	0
mausleeps	0
DoctorDeath	0
kashnycc	1
weenqueens	1
Plumy_	0
NotQuiteLikeDuB	0
brialexiaa	0
catalixia	0
KittyRawr	1
rudebets	0
fakegeoff	0
ItsGibz	0
ARiS_ZBB	1
KhazHollows	0
toniisaur	0
sailor	9
Matimi0	4
Loserfruit	57
Queenbee	0
CamOnTheCob	0
Bricky	0
AngelMelly	0
ultradan_	0
Pekoe_Boo	0
Ohgawdkate	0
imPheetus	3
JusW8_	0
MissTazzie	1
NoHaileeNo	0
winndago	0
perl	0
Carter	0
Sword4000	0
JenaUrf	0
MistressMayhemmm	0
香椎	0
PastaroniRavioli	0
AshtonMarten	0
KoraaAura	0
snugzone	0
theerickkhan	0
Vidyabum	0
maisielynnie	0
actualGordonKeith	0
PeachMilky	0
dooderVO	0
SERVOS_	0
Tiddlesz	5
kaiyo	0
Boggles	300
PlayitShady	1
queyoueye	0
skeleharpy	0
breebunn	0
shiryaevstream	0
Lanfear_vr	0
auger	31
FiFiGoesRee	0
EliaStellaria	0
CrunchySunflower	0
Mewmelodys	0
duc_fishyx69	0
Gigiibun	0
CHEAPE	0
Varidetta	0
GoofGuy	0
bugorpro	0
wilhelminafrost	0
RorschachFox	0
1206paul_	0
MafiathonTV	0
tannerbot2	0
duckiecos	0
lucia	38
LawlessJane	2
kumogorogoro	0
tqihh	0
Fasffy	2
RussoRpOficial	0
1800johan	0
HateCaps	0
RickyBerwick	0
ItsCayYay	0
yenkoes	0
Legundo	96
ChonkyLotus	0
skaijackson	0
tnickelss	0
nezoshoki	6
elgato	0
ycmdono	0
LacedUpLauren	7
Jabbyx3	0
aycapy	0
Jozukai	0
ColetteCherry	2
PiepersPlace	0
LUSKIILOU	1
NatalieRoush	0
Sorrey	0
Klickfrm40	0
emeraldcabbage	0
AndreiaHerz	0
SavinTheBees	0
Whi8Z	0
TylerMcVicker	0
PsyPho	0
Thorlar	11
AlsoMij	0
TheGeekEntry	0
musamusicroom2	0
Viperous	0
MEOWDALYN	0
pazzeh_10	0
BioticNova	0
NateHill	0
jenny	0
Amaz	0
T1mmyknowsball	0
lolmunchkin	0
bands	0
princessmariaaaaa	0
TheGawd	0
Alfhilde	0
yvan477	0
spoopykitt	0
libtron	0
JoJoThaMoFo	35
Louu	0
5binary	0
Kwoli	0
thepurg4_ttv	0
Snamwiches	0
Kyokeru	0
GotGames_TB	1
MaliceEvermore	0
Jovan_Bradley	1
NickiTaylor	1
urnisa_	0
HatFilms	0
Nicktacula	0
ms5000watts	0
EllenViking	0
avee2020	0
Kayfloppa	0
MauriNNW	0
jrizz9	0
antonychenn	0
MoneyMakingSwerv	0
almuharebq8	0
DuwiEXE	0
hales	0
crawfordcollins	0
johnnieguilbert	0
TiggyRayray	0
Velion	3
tyongeee	0
orangeisborange	0
kaylieuh	0
saintvicious	0
KloeKroc	0
BibiBiscuitCh	3
ShadesOfNate	0
Xlice	3
AiCandii	0
blondedaze	0
MandemJC12	0
whiptrax	0
ArisaNoonish	0
E11ysa	0
jacquesynessainvil	0
thekidbeasty	0
necronival	0
annajay99	0
ElainaExe	0
Ciri	0
daaydiorr	0
Gabriel_Warburton	0
CharlyXSP	0
kichike	0
jiabread	0
VardanAntonyan	173
APLFisher	0
taderbtw	0
CamLoso	3
KashCarbon	0
0f9v	2
moneyyaya00	0
destinyfomo	0
kyufb34	0
Bonberri	8
JellyStara	0
Vortexinator_	0
dudfail	0
Punkinpai	0
theunclejoeshow	0
My_1st_Kill	0
ecto	0
mookie	8
ElevenZ	0
NioBaits	0
BeezyNYC	0
LouisMontilus	0
cusac50	0
HossOnTwitch	0
froggyhoppins	1
5ivereactzzz	0
SuppyColleen	0
ElinaJasmin	0
hugue2025	0
Baywitched	0
shell0	0
lilbbtrashcan	0
leezi	2
Chronic	0
InariReiju	0
ricopico	0
zowcz01	0
jbandzy	0
Foearies	0
godswilltrillions	0
CeciHime	9
cfmgk41	0
MissPurple	2
lululasso	1
Sharkie	22
nojnm73	1
LosDondada	2
saisette_rnmsn	300
rkwnp04	0
APXVl	0
taehoongie	0
oleboyricks	0
btwclaww	0
Caedrel	300
loltyler1	300
Rekkles	8
Thebausffs	300
LCK	0
LCS	0
agurin	8
LEC	0
Doublelift	0
humzh	0
Jankos	300
lol_nemesis	300
Sheiden	0
velja_lol	122
Drututt	300
NACL	0
Pobelter	1
Spear_Shot	300
RaiderGO	1
Fairlight_Excalibur	10
Alois_NL	300
NattyNattLoL	212
lplenglish	0
Broxah	25
Tenshi	300
Nickich	14
crownie_lol	0
Caedrel247	0
Viper	0
Rush	1
BROHAN	2
TFBlade	0
quante	5
KeshaEuw	106
Phantasm__	28
Dyrus	0
PinkWardlol	0
IWDominate	0
AutolykusLoL	0
SirhcEz	0
Trick2g	0
NoArmWhatley	29
DesperateNasus	0
Busiolol	2
LolElekktro	0
midbeast	3
Wingsofdeath	0
KarasMai	0
Gosu	0
Quantum	0
J0J0C69	3
LLTrigger	0
LoLEsportsHub	0
dunlol	1
detderT	3
paulbelter	0
lckclchallengersleague	0
HamuchiVT	0
Meteos	0
RATIRL	0
PekinWoof	95
Cowsep	0
ScrubNoob	3
Lourlo	0
xFSN_Saber	3
emiliacosplay	0
huncho	0
gamergirl	0
6pek	0
stunt	0
KayPea	0
tlives_tv	0
FooYa	0
Jayden	0
alexkadison	1
triplelift	0
Bluwunk	0
Dzukill	0
luxx	0
MonsterSSS_lol	2
NiteNightKid	0
YamatoCannon	2
Azzapp	48
Karhus	0
Elite500	0
Sinerias	0
Aphromoo	0
europeancircuit	0
katiewon	0
forsekyn	0
zven_lol1	0
Gryffinn	0
kiittwy	0
blv_dino	0
QuickshotOfficial	0
headshotsecto	0
SloppyWalrusX	0
Elosanta	0
shending_help	0
Vakin	0
Luxthos	0
Allyooops	0
thewolfyytv	0
KireiLoL	0
perryjg	0
takazenith	0
Naayil	7
Yozu	0
byz4lec	0
NoctyraTV	0
Katie	2
eavlol	0
Pun1shers_TV	0
Hien	0
tsigas	0
IceyConcept	0
lol_kovi	0
Davemon	0
blueotterleague	0
Valarman	0
BZ_EUW	0
solarbacca	0
WandaWillow	0
D1OK_TV	0
ShokLoL	0
basiil	0
v6nas	0
Rawmantikos	0
Vulcan_LoL	0
ipav999	0
cblol_english	0
guidalee	0
kovexis	0
Nymaera	0
Triumphant	0
Charlyne	0
LoLPacificEN	0
solarbacca247	0
NLCLoL	0
seanic	0
lolyoung	0
daawk1	1
Denathor_lol	0
ewc2026forlck	0
C0NEXI0N	0
cloverinari	2
VediusOfficial	17
DumbsYT	0
piantalol	0
SoloRenektonOnly	0
sargetwo	0
Reptile9LoL	3
MinnowMao	0
Kadeem718	0
EragonUK	0
Skid019	0
BARDINETTE	0
jillyfish	0
milicalol	0
Angormus	0
foggedftw2	0
SonaStargazer	0
quacklylol	0
Peng04	0
Odysseus131	0
HungryPandaLOL	0
GeneralSniper	0
ddomukja	0
PartyPandaTV	0
PsychopathicTop	0
TyG_	0
wunonn	0
idkdremo	0
TeamAmerica	0
metaphorvariety	0
Metaphor	5
AXOLOTL	1
PGL	0
iiTzTimmy	3
TheBurntPeanut	300
ArrowCS	0
summit1g	300
PGL_CS2	0
Squeex	1
FORMAL	12
ESLCS	300
olofmeister	4
lilypichu	0
tarik	300
Grimmmz	0
FlareyCS	0
coopertv	60
freakazoid	0
renyan	300
Anomaly	0
Dashy	0
Mrtweeday	0
prodbyDOMA	56
xhocii	1
f0rest	0
Nikolarn	2
d0cc_tv	0
ATT	0
Trottah	0
nocriesof	0
canezerraa	3
pashaBiceps	0
calizda7	0
PLAYzoneUP	0
wabiiisabii	0
Myth	0
JASONR	4
k0nfig	0
juanflatroo	0
arrowisoffline	0
scump	0
austincs	298
flashflasreal	0
bananabanareal449	0
m0E_tv	5
XPortalEsports	0
daniluch_1337	0
ThunderpickTV	0
vand3red	0
smooyacs	0
pitretaketv	0
Stewie2K	0
Exerpas	89
FURI	1
joydepchik	0
bananaecohd312	0
pvpend	0
flezzoz	0
nerwbtw	0
vertigoverttv	0
spraypalacex349	0
HCJustin	1
ancientancitv82	0
GeT_RiGhT	1
hyperi1cs2	0
puffclose	0
AppsApps52	0
miragesmokehd486	0
de_lgadoo	0
Laski	0
aceu	0
VanFanTV	0
BrollanCS	0
Dakkiin	0
billyjones699	0
enzoxxxer	0
Mauisnake	23
TDM_Jesus	0
jonjiijlc	0
CoachMaryy	0
swagthugg3r	0
Scrap	0
StripNClub	0
nndepressive	0
mollypalacereal79	0
n0thing	0
overpasspalace	0
sk0wik	0
Srpatyt	0
dreads	42
TrimiCs2	0
appsastralisgg	0
YEKINDAR	0
goonwisdom4	0
jonnics2	0
SVaro0	0
oshibkaaa	0
enko_cs	0
tonnydun	0
pge4	0
blameF	0
mang0	1
tomix192	0
VerifiedPsycho	0
RoniCS2	0
imBESARI	0
KnifeAppsX817	0
danyygashi	0
FrizzerCS	0
blaz3rush	0
d4v41vlr	0
eridonxii	0
le0cs2	0
peekretakehd97	0
SmokeSmokHd22	0
shortshorx47	0
FranzJ	0
shomatft	0
palacepalareal	0
smokesmok74	0
smokeoverpassgg89	0
vredinjo	0
31manlol	0
deez	0
trucklover86	0
defdefcs	0
Krabeni	0
bodlbod	0
EliLikesRice	0
mikewater9	0
akashqipeee	2
Chatterbox	0
erjongshx	0
Smacko	0
monsterrdam	0
ViolatedVibzi	0
Nayomy_cs	0
platonov_27	0
Vinsun_	0
nardics2	0
allub	0
Grimmybear	0
saigeybabey	3
bigcenacs2	0
zont1xm	0
qendrimelpsycho	0
raff1in	0
williamscss	0
sprayecox10	0
Endrit2k	0
prozeroprogame	0
sir_dep4ik	0
arxsy69	0
lawdrim9	0
hyza	6
fenom	0
freak_modest	0
frostvenom_15	0
babatsef	0
nadenadegg34	0
thegasstation423	0
zoggdog1z	0
ktvlivemow	0
apollohacky	0
thespinah	0
Zemie	2
krav10	0
coldmanag	0
s1mples1mp211	0
knivencs	9
duwap	0
jrnpi82	0
churchd0gg	0
ErycTriceps	0
mathg	0
paladinoosp	0
lewiscerato	0
xMarjus	0
xarduino	0
mambanhi	0
Bengal	0
cochard	0
k3yr0x_	0
pwnalonecs	0
CarsonYaps	0
bizdj17	0
glehk63	0
ajpyf13	0
Mostgotnom	0
qmdij65	0
grav1tat10nn	0
Kaysan	300
PENTA	0
OfficerMesser	0
Zoomaa	300
Timmac	0
Shotz	6
kyle	3
Vader	5
Spaceboy	0
Octane	0
TeeGrizzley	0
indiyababy	0
dek_eiei	0
Nakkida	0
carmen	34
Sentry	0
BobbyRayGray	0
levitatingkitty	3
Pepe_The_Rarest	0
Bazza	0
qaymichael	2
paypay	0
minky	0
Crystalst	0
TehJamJar	2
curvyelephant	0
funnymike	0
sashagrey	0
TheChad_Wick	0
CrazyCasey	0
baeeblaze	1
mikfoolery	0
MrMoonsHouse	0
ImBlade	0
choppersakurada	2
sifuRP	2
Prozy	0
Moosebrother	7
Decipherr	0
birthdaydys	0
Timmy2Cans	17
itsbanhammer	0
BigDrowZy	0
Methodz	0
4Suvy	0
Lovinurstyle	0
PAYDROwlts	0
xrongocrazy	0
EXT9ND	0
Joey_JKU	0
JoblessGarrett	0
Smithers	0
Stokes	55
ikeepitsoreall	0
CouRageJD	3
grandtheftdiaz	0
AlexMasonGaming	0
SheedFE	0
TssWukii	0
enityv	0
DeputySmitty	0
bendejo_45	0
fukversace	0
baccendsbanned	0
ghostlifestyle	0
TheJooseMan	0
mitdamm	0
Sunni	0
yfwNJ	0
iittssssangel	0
kumanzylivee	0
LBMM	1
DarkViperAU	0
charli	0
frahski	0
Pred	0
TreiZer0	0
natalie_gabrielle	0
realogcassie	0
gloksta	1
nyc_mason	0
Fosidy	0
hogshund	0
wyoaj1	0
sg3860	0
xFullyContested	0
TheBoiSantana	0
BadGalShay	0
JohnnySmokes	0
vonnoff1700tg	0
youngunnamed	0
C0urtesyflush32	0
DBoyFromThe8	0
Ai_Zan	2
jinsoul_w	0
realritex	0
Tehsi	0
likeenaa	0
BurtsBeat	0
Itz_Dro_	0
toxxicitee	0
LonzoRP	0
MTR_humble	0
NateKarama	0
1kenzooooo	0
thatblasiangirl	0
KayShomi	1
TreyJenk	0
luhkbaccend	0
babysleezy23	0
BananaDuck	0
Ricci	0
ellisnotsober	0
fenanyl	0
shakebackgs	0
TrennedyJeanae	0
chopparay_	1
NapsForDays	0
Twinkles	0
oxyyy33	0
outdanett	0
akaiyya	0
naemgoat	0
RobFromAZ	1
JEFFAOCS	0
JessicaRoseTV	0
GaPeach28	0
Alivemonstor_	0
tayskli	0
luvynkyn	0
BiggzAce	0
lnwdev	0
Habibi215	0
JarJar	0
deanyogger	0
PreacherPasta	0
Gorgeousminaj	0
DE4DWOOD	0
OfficerJHightower	0
Marshmallows0123	0
MarMarTV__	0
NemskiTV	0
xXDaFobbsXx	0
SheKnoAlex	0
1_tysav	0
Alibandss	0
TheMangoTangos	0
CROC	0
ItsBossLady	0
ittsZACH	0
ayaatanjali	0
ItsGhost_TV	18
DRZL	2
BigBoyKev060	0
transactlons	0
droyalt	0
lAdxtti	0
JohnSenn	0
slideeyak	0
Pingn	0
Ashi	0
Chelly	0
VisionaryJane	0
Ceeskiinem	0
JayKillzzX1	0
Tbacon	0
zaeloh	0
imbadkidjay	0
ImSoShady	0
crrenc	0
Kiyah	0
qkouu	0
Maribel1998	0
UnkleWise	0
MsBbyDoll	0
dexterbp	0
lxmeiei_	0
DadGamesSometimes	0
Calxonie	0
Jumping187	0
Madmoiselle	0
Yari	0
GamerMagoo	0
habibtiz	3
Stxtic2Actiive	0
RenNeedHealing	1
princeporra_	0
Versarchy	0
KenzoHeem	0
ORRsumn	0
Sqiget	0
BranLP84	0
KarelessKitty	0
amillyb	0
Dusty_Bibles	0
Prettynsweeet	0
AlleyneAP	0
GOFNS	300
s0mcs	300
VALORANT_Americas	0
shanks_ttv	300
Subroza	190
eggsterr	0
Sliggytv	300
VALORANT_EMEA	0
EWC_Plus_EN	0
Grimm	0
LFToxy_val	24
sinatraa	0
joshseki	300
VALORANT_NorthAmerica	0
florescent	0
TenZ	0
Demon1	0
Zikzlol	8
VALORANT_Pacific	0
Hamy	38
inspire	3
jingggxd	0
Sentinels	0
Hiko	19
meilizzz	0
cloudeyX3	0
Keeoh	0
Livvcote	2
ShahZaM	0
Dasnerth	5
haeyoday	13
PRXf0rsakeN	0
ardiis	39
Noiaaa	0
meLanji	0
hiroaims	0
Yinsu	37
ThinkingMansValo	20
POPPIN	0
benjyfishy	0
SubrozaVOD	0
coachmini	0
starsmitten	0
WARDELL	0
PROD	0
Shoshy	0
Jerrwin_	0
derrekow	0
seraph_venus	1
vaperipper15	0
johnqtcs	0
temet	0
sapnaplive	0
Minny	0
xlavandulax	12
Jillipuff	0
boostio	0
cheatcode	0
geezerra	0
ion2x	0
C0Mfps	1
VOODOO_248	0
reduxxval	0
imthemarteen	0
wedidvalorant	2
Kaemii	0
mimimimichaela	0
SicK_cs	0
babybay	0
sinatraavod	0
wtfslump	1
solada	0
root	0
jawhn	0
RazzieBinx	0
Laiys	67
Notexxd	0
smokefps	0
QQobes33	0
cevanescent	0
moobsxd	0
DazierEU	0
1zerona	0
zanderfps	0
mckenical	5
amerng	0
joona	0
Mogi	0
Punz	0
Pa1ze	0
banhbaoval	0
xlcuo87	0
BoaRoo	0
cavern	0
gMdd	0
JTriarchy	0
Miznatnasah	0
UnicronTV	0
almightysooch	0
Marved6	0
Aipha	0
JoeDaBozo	0
EstoniaMan	0
2clt	0
Mews	0
tonka_val	1
bunnycustard	0
patiphan	0
ShyoWager	5
JustTeetaa	0
AzyenTV	0
trashley	0
Ethero	0
dragonlmaoo	0
overtaaa	0
1inthe	0
gabricait	0
Princess	0
yurnboi	0
evelynomadera	0
benjychavez_	0
hmblzayy	0
PeeguuTV	0
Chloe__IRL	46
bendadonnn	0
KumaMonster	0
ARIatHOME	0
StudyTme	7
yonalashay	0
NinaDaddyisBack	0
Majinobama	0
jordynlucas	0
diemondzx	0
tokyosims	0
milkypuff	0
CookSuxAlwaysOn	0
Asmongold247	1
oga_amos	0
nicknayersina	0
EpicVoyages	0
indialovewestbrooks	0
aishahsofeyy	0
tydollasign	0
aozami	3
INNESHX	0
Jarvis4Real	0
zoespencer	0
WizKhalifa	0
YoatziCastro	0
4amLaundry	0
boltar	0
zavi_moss	0
mcqueennlive	0
nest	0
EXBC	0
DinomiteTwins	0
theRealShooKon3	0
Maxy	0
mavgx	0
mronthewater	0
StormChaserIRL	0
brooklynfrost	0
Stay_C	0
KhanAsadi	0
ma_vgx	0
ChloeParkerrrrr	0
Yuggie_TV	0
ManukiEmi	0
ryderxdantino	0
mino56	0
jenstaylor0	0
ridetheline	0
YUKISGARDEN	0
PrettyGoodGaming_	0
ezzmoandyoyo	0
MeesterKeem	0
zhadstew	0
alinitytv247	0
Trucker_Dylan	9
Crunk_Muffin	1
iambiglex__	0
outplayedbyjade	0
bradleykraut	0
fadi	0
whoisWIZARDKELLY	0
frescotrey	0
BTMC	62
ojo_isAboy	0
splatt_walka102	0
summerxiriss	0
ShadowCorpa	0
Minchu3150	0
braxtonnncomerrr	0
Celina	0
PizzaPrincessG	3
AirlinersLive	0
lanializa	0
franzleonofficial	0
EdyBot	0
queennaija	0
crazyjamjam	0
sylvee	0
ppim	0
Ceweina	0
ruunachu	0
pilavpowa	1
ALLDAYNYC	0
KattyCore	0
blasianbabylola	0
raphaelsololive	0
RelicKris	0
AmberrTyson	0
beefuniverse	0
seangouldy	0
NomadicGaijin	0
ohhhitsvickayyy	0
Ticklefitz	0
destinedkidofficial	0
AshleyNocera	0
eeviex	8
shankcomics	0
LA4AWALE	0
brxan	0
Ieshawn	0
Yukiifoxs	2
Emelie	0
ExtremelySubtle	2
Zara	0
ReinbowApp	0
RunoBean	0
daveezz	0
Vandiimion	0
potentialbliss	0
LilyLouOfficial	0
paekachuuu	1
Lilblasz	0
ParaglidingLive	0
lumiiifox	0
mainefisherman	0
pezz2xp	0
stoneboiyy	0
BigBoneLife	0
SweatyPedals	0
PELMX100	0
maestroharrell	0
grabbahitting37	0
nyc_tours	0
yurnbro	0
Khim	0
ESL_DOTA2	0
Gorgc	0
BLASTDota	0
Arteezy	77
Topson	58
BLASTDotaB	0
Gunnar	0
w33haa	0
dnmdota	0
qojqva	3
iceiceice	0
masondota2	0
AdmiralBulldog	1
Dendi	0
Xibbe	0
monkeys_forever	0
BigDaddy	0
pablogaming13	4
durochini	0
PurgeGamers	0
maddogsleague	0
MidOne	0
toy38	0
cringestation_en	0
Neuro	0
chocoTaco	0
nikobaby	0
YumaDota2	0
XcaliburYe	0
fnjke00	0
WagamamaTV	0
meepoplayer	0
MidAnubisHd70	0
RushDefuseReal	0
aLoWXC	0
Raeyei	0
sadpocky	0
awpawp377	0
Timado	0
kroftazyy	0
nnecross_	0
astela_chan	0
boris_dota	0
With_Lisa	0
igor_kumar1	0
llakeroklk	0
AussieAntics	4
TypicalGamer	0
HappyHappyGal	0
CoachBoop	15
MrSavage	68
Oatley	61
Loeya	0
Thiefs	0
NayrSlayr	4
Higgs	0
Alixxa	0
Mongraal	259
HappyHappyGal_VOD	2
SkyGuy	0
Dakotaz	1
GoatR2	0
kyanafit	0
Risezd	0
toaststix	0
Allyy	0
HeadShotChick	1
velofps	0
sparkles_qt	8
Bloodx	0
toxicblonde	0
Makeouthill	0
Khanada_	0
TheGrappleGirl	0
bushszn	0
Crackly	1
NickEh30	0
Prospering	0
CeeSlay	0
RuflessCat	0
oceDEXX	8
OliverOG	0
JacobMvPR	0
Replays	0
NoahWPlays	0
HydraSZN	0
Swearin	0
venofn	0
calmkiko_	0
thechichallenge	0
Plalism	0
pinqeu	0
Merytz	0
Jayse1x	0
kbmrapid	0
vergofn_	0
Taacts	0
ClixOffline	0
justfoxii	0
WhatifJulia	0
Drizzi	0
GamingNanna	0
RichHomieQuinn	0
beneemusic	0
Grxnt	0
TrailerMark	0
OatleyOffline	0
Curve1x	0
Summy	0
cobraxz	0
lastwtw	0
chillvibez_42	0
Chica	0
Kdog_	0
ZDog	0
bored_and_braindead	0
teekfnx	0
Bewitching	3
Reet	0
Zeusy	0
Klutchshot	0
oliveroglive	0
lordpainify	0
Electrofv	0
fncooperbr	0
itsvicterv	0
fishstickzb	1
johtsu	0
adpupuceshoww	0
duhsonva	0
Petrov	0
TSM_TheOddOne	0
Ship	0
Peterbot247Official	0
hankstergirl	0
stephh_xo32	0
exoticshey	0
FCHQio	0
SudoFTW	0
kahhma	0
Maiki	0
Samanfnt	0
ezzupp	0
jbfyungin23	0
2xBrando	0
Muzz	0
CAPONESKI2K	0
Acai	0
zxriina	0
volx	0
Reiigning	3
OShakOnIG	0
kxrr0	0
rMizeryTV	0
booman2012	0
jojo4real21	0
YoYoSavageMike	0
tmktgaming	0
mikeyy_8311	0
Maddynf	0
MulletMace	0
xavierfv_	0
RayBankrollTTV_	0
PlutoV2	0
banthony	0
twunti	0
xavifv1	0
NickEh30_VODs	0
worthyy	0
JayMewes	0
Jxsn	0
Callen_Dono	0
Doniee	0
Hectic	0
thanksinternet	0
NizarPK	0
ow_esports	0
Emongg	1
Aspen	0
mL7support	0
Unter	5
hadi_ow	0
FroggerOW	0
PlayOverwatch	0
dafran	54
sunshinebread	0
Warn	0
CommanderX	0
cowfee	8
ZBRA	0
Apply	0
Hydron	3
hiimsky	0
kraandop	0
durpee82	0
AceOFSpades	0
KarQ	0
6Cyx	0
Winton_OW2	1
iddqd	0
sugarfree	0
Skiesti	0
Avast	0
tr33_ow	0
LyarOW	0
Tommathan	0
vulture_ow	0
chosen_ow	0
Gamin4Hope	0
Rakattack	0
harbleu	0
SlothyBearr	0
almost_poe	3
August	1
JunoTheMartian	0
beaver	0
Sooshi	1
snowcone	0
dafranVODs	0
hydro__ow	0
PLAYTO_ow	0
herloaf	0
Carla	0
JWantedL	0
JOYSTICK	0
qrxuow	9
DapDerDapy	0
Valkia	0
Deku	0
meow2heavenly	3
Bullskunk	0
Kephrii	0
RenegadeOWx	0
Fareeha	0
cartifan22_	0
Somnus	3
vegaoverwatch	1
TiffachuFTW	0
alvicatee	0
SquikoTV	0
Yeatle	0
Purpzuki	0
RupalZaman	0
soapy	0
snazzayjazzayy6	0
penpuin	0
GetQuakedOn	0
numbers2155	0
vaIeia	0
MassMachine5000	0
agilities	0
phoenixfox	0
TinySmoOW	0
kaylin	0
DoopieOW	0
YukariPoi	0
Elias_0w	0
matty_ow	0
Silvoc_o7	0
Lightningbolt	0
DiAngeloXP	0
zazazebra01	0
lexipasch	0
conormcleod17	0
turbo_creature	0
BOTpeter_	0
ShellBebop	0
Raylene	0
charlottemunster	0
peacho_s	0
FACEIT_Overwatch	0
Powatripp	0
caffeiineee	0
just_stevo	0
Awkward	0
skissorssz	0
Spilo	0
ms_megatron	0
PlantingPlanets_	0
SageYk0	0
Qubblez_	0
KILLERSTONE69_TLC	0
PlayOfTheJames	0
yoshem_	0
pirate_ow_	0
Feinberg	0
KYR_SP33DY	0
Skycrab	0
infume	68
Linkzzey	0
bigbigmongey	0
hackingnoisess	0
Couriway	0
mcsrranked	0
Savix	0
doogile	0
hitchariide	0
iskall85	0
GeminiTay	0
Philza	6
nofearr1337	42
TangoTek	6
GoodTimesWithScar	0
Dylqnnnn	0
ashswag	300
Grian	0
grumpyyrose	30
impulseSV	0
JonBams	0
DooleyNoted	0
dandannyboy	0
PrinceZam	205
tonystatovci	0
fear5s	0
Hrry	0
rekrap1	0
jude_low	0
Pangi	11
Xisuma	0
Totless	0
Fulham	0
star0chris	0
Specnr	0
therealsquiddo	13
xBCrafted	0
cubfan135	0
Graecie	0
Stressmonstah	0
TheRNTV	0
X33N	0
iJevin	0
LIZZ	0
Smajor	0
Evbo	0
flowtives	0
Graycen	19
camman18	0
SB737	21
Wolfeei	1
haxingnoises	0
ClownPierce	0
Jay12310	0
DumbIsDumbb	0
vstrid	0
Joehills	0
Kotton	0
AngelNaomi	0
KyleEff	0
theD20	0
luminiciant	0
BeefSalad	0
tivesflow	0
Quakitus	0
Nerdi	0
eskay	6
conix	300
TheobaldTheBird	300
Coldi	0
WaxFraud	0
Nominalgravy	25
GameTimeWithEric	0
PikaTM	3
nEmerald	0
Krisuna	0
President_Poundcake	0
coinmonke	0
fruitberries	0
adult_steve	0
IamStormzyt	0
WhatAboutAndy	0
elametowel	0
Aquacorde	0
Addison2k	0
jojosolos	0
ghostiefruit	0
WyLL_Live	0
coldifiedalt	0
21mustard	0
Pixlriffs	0
Fluixon	0
megeli_	0
Dfoxgaming	0
TheSilverMullet	0
Taneesha	0
mellon	0
YokaSiri	0
master_cwg	0
Reignex	0
fpzzfps_1	0
StudlyMaff	0
kaelena	0
sidefalll	0
SirDapper	0
yuzok	0
pavkinXD	0
delypop	0
honeydewmelen	0
InTheLittleWood	0
Button	3
Generikb	0
Itzsans_	2
SinonSinfonia	0
SideArms4Reason	0
Puchichi_Studios	0
TapL	0
rzn_canestv	0
imaShep	0
xootynator	0
silvasaur	0
steezsr	0
Lukey	1
Ma1nShooter	0
dailyemeraldmc	0
abstehh	0
maxggstwo	0
ImNauwt	0
blob	0
luvfourrent	0
nontopics_	0
EironasPremium	0
quoiuyaz	0
fattymcdaddyog	0
Swag_Dracula	0
Linahun	0
ESAMarathon	0
zestybeans	0
MandaLin	0
zoolon888	0
hypeschool	0
Maur0cpvp	1
ActualShoebill	0
TheMewDew	0
drip120	0
fyroah	0
Jettism	0
Starpuff_1300	0
MisterWiggly	0
yklaurx	0
grammacrackers	0
ChrixPlayz_	0
Sir_Nipplington	0
oolivia_	0
AiroKun	0
zvxr1	0
AquacordeMC	0
AweTrinity	0
Fenniq	0
bluelivetm	0
puqitv	0
poisonqueen87	0
yecnalc	0
ndree78	0
Daiazal	0
RyeWhiskyBravo	0
Lefti_leftthegalaxy	2
Falcuno	0
