	21779	27471	32399	509658	516575	Total
lol	20	65	42	39	20	186
happy	65	4	11	2	16	98
gg	2	1	79	1	8	91
lmao	5	52	6	7	12	82
omegalul	62	11	1	2	1	77
joshsekibooti	0	0	0	0	70	70
lo	35	13	5	11	5	69
clap	61	0	0	0	0	61
haha	10	13	17	15	2	57
ass	4	1	42	4	1	52
bro	15	12	7	4	14	52
saj	1	0	2	0	49	52
game	21	3	4	12	4	44
good	15	2	9	7	11	44
love	9	10	6	11	7	43
nyanpls	0	42	0	0	0	42
ome	0	33	0	5	0	38
play	11	7	2	4	13	37
dont	9	6	8	8	5	36
edm	6	0	30	0	0	36
time	8	2	8	9	8	35
chat	7	5	4	8	10	34
nopers	0	34	0	0	0	34
teams	0	0	0	33	0	33
ur	11	4	2	7	8	32
rt	9	2	0	2	19	32
truck	0	0	31	0	0	31
happying	30	0	0	0	0	30
wideravetime	0	0	30	0	0	30
astralis	0	0	30	0	0	30
team	7	2	5	8	8	30
soyscream	0	0	29	0	0	29
unc	1	19	1	2	5	28
aras	0	0	27	0	0	27
gonna	6	3	4	3	10	26
people	1	1	1	18	3	24
win	6	2	7	5	3	23
mexico	0	0	0	23	0	23
pisstime	0	0	23	0	0	23
son	12	0	4	5	1	22
yo	2	5	4	4	7	22
xqcmom	0	0	22	0	0	22
kekw	1	4	7	6	3	21
lmfao	2	7	1	7	4	21
holy	9	6	1	4	1	21
spun	0	0	21	0	0	21
slot	0	0	21	0	0	21
duckass	0	0	0	0	21	21
juanddlost	0	0	0	0	21	21
machine	0	0	21	0	0	21
parot	0	20	0	0	0	20
sobb	0	18	0	2	0	20
true	5	4	0	1	9	19
watch	5	4	2	5	3	19
damn	2	2	6	5	4	19
xmoonlett	0	0	19	0	0	19
om	0	1	0	2	16	19
smoke	18	0	0	0	1	19
man	3	3	5	2	5	18
eu	3	0	4	0	11	18
discord	0	0	0	17	1	18
nice	5	1	7	0	4	17
ybg	0	0	0	17	0	17
shit	3	2	1	8	3	17
mhm	2	1	3	8	3	17
vote	0	17	0	0	0	17
lule	12	4	0	1	0	17
foolishcrying	0	0	0	0	17	17
hull	0	0	17	0	0	17
yeah	3	4	2	2	6	17
tomfoolery	9	0	7	0	0	16
sunny	0	0	0	16	0	16
wtf	5	3	3	1	4	16
monkae	0	16	0	0	0	16
remouiade	0	0	16	0	0	16
icant	0	1	2	12	1	16
ratot	0	0	16	0	0	16
ww	6	1	2	4	2	15
temet	0	0	0	0	15	15
uncle	0	14	0	1	0	15
aoxner	0	0	15	0	0	15
bad	4	1	3	5	2	15
la	2	0	3	10	0	15
change	2	0	1	11	1	15
fuck	1	2	2	7	3	15
playing	4	1	4	2	4	15
stream	4	1	1	3	6	15
buh	13	0	2	0	0	15
shultzu	0	0	15	0	0	15
guys	5	2	2	4	2	15
player	7	0	2	2	3	14
pfft	5	0	0	0	9	14
lp	14	0	0	0	0	14
nom	0	14	0	0	0	14
hii	0	12	0	0	2	14
gayge	0	0	0	14	0	14
feel	2	2	0	1	8	13
sade	11	0	2	0	0	13
aga	2	6	2	1	2	13
white	0	0	0	9	4	13
bigsad	0	0	0	0	13	13
alois	13	0	0	0	0	13
output	0	0	0	13	0	13
danny	0	0	0	13	0	13
guy	1	6	1	3	1	12
life	0	1	2	1	8	12
song	2	5	1	1	3	12
agahi	0	11	1	0	0	12
akeidz_	0	0	12	0	0	12
btw	3	2	3	2	2	12
lul	0	1	5	2	4	12
wl	12	0	0	0	0	12
sob	6	0	0	6	0	12
watching	0	6	1	4	1	12
master	11	1	0	0	0	12
core	0	1	0	11	0	12
shitty	0	0	12	0	0	12
gay	0	0	0	0	12	12
sad	2	1	2	0	7	12
pepehands	10	0	0	0	1	11
omg	1	2	0	2	6	11
lolw	0	11	0	0	0	11
wait	2	0	1	1	7	11
fine	3	0	2	2	4	11
ill	6	1	2	1	1	11
shaco	11	0	0	0	0	11
zam	0	11	0	0	0	11
kill	1	3	3	3	1	11
bye	1	0	4	0	6	11
fut	0	0	0	0	10	10
caedrel	10	0	0	0	0	10
bald	10	0	0	0	0	10
cane	0	0	0	0	10	10
live	3	3	2	1	1	10
hard	3	1	0	1	5	10
elbymeltdown	0	0	0	10	0	10
free	1	0	5	3	1	10
champion	10	0	0	0	0	10
mooda	9	0	0	0	1	10
check	3	3	3	0	1	10
fun	2	0	6	1	1	10
kinda	4	2	0	3	1	10
focus	0	0	0	9	1	10
forsennugget	0	10	0	0	0	10
music	9	0	0	0	1	10
hai	0	7	2	0	1	10
cooldown	10	0	0	0	0	10
spoilers	0	10	0	0	0	10
cdr	10	0	0	0	0	10
cat	4	0	0	0	5	9
nah	4	0	0	0	5	9
games	3	0	0	1	5	9
flatro	0	0	9	0	0	9
big	2	2	2	3	0	9
babyrage	0	0	9	0	0	9
ksante	9	0	0	0	0	9
hints	0	9	0	0	0	9
crazy	3	1	1	1	3	9
rn	2	4	2	0	1	9
damage	5	3	0	0	1	9
shield	8	1	0	0	0	9
times	0	0	2	4	3	9
goat	4	1	1	0	3	9
code	0	2	6	1	0	9
house	0	9	0	0	0	9
day	5	0	0	1	3	9
sense	2	0	1	0	6	9
aware	1	0	8	0	0	9
isnt	2	1	0	3	3	9
em	0	3	4	2	0	9
era	0	1	8	0	0	9
boysmarlgm	0	0	0	8	0	8
theobawhat	0	8	0	0	0	8
days	2	0	2	1	3	8
spongs	0	8	0	0	0	8
god	0	0	1	4	3	8
hope	2	1	1	1	3	8
letsgo	1	0	0	7	0	8
tyla	0	0	0	8	0	8
yay	0	7	1	0	0	8
south	1	0	0	7	0	8
red	4	1	0	3	0	8
tho	2	1	0	3	2	8
wanna	2	1	0	1	4	8
lock	0	0	2	6	0	8
glizzy	8	0	0	0	0	8
ez	2	1	4	0	1	8
uuh	3	0	2	3	0	8
wall	6	1	1	0	0	8
fight	1	0	0	7	0	8
action	0	0	4	1	3	8
conix	0	8	0	0	0	8
roam	8	0	0	0	0	8
mid	7	0	1	0	0	8
armor	8	0	0	0	0	8
doesnt	1	2	2	1	2	8
cs	2	0	6	0	0	8
ta	1	0	7	0	0	8
og	0	0	0	8	0	8
ja	0	0	8	0	0	8
easy	0	0	2	1	5	8
ruggah	0	0	7	0	0	7
hell	4	0	0	1	2	7
stack	5	0	1	0	1	7
ad	5	0	0	1	1	7
friendmodpat	0	0	0	7	0	7
joebartdab	0	0	0	7	0	7
friendchatpat	0	0	0	7	0	7
work	1	1	5	0	0	7
froganletsgo	0	0	0	7	0	7
won	0	0	0	5	2	7
hey	0	2	0	1	4	7
ngl	3	1	1	0	2	7
crying	0	1	2	0	4	7
aura	0	0	3	0	4	7
yup	2	0	1	4	0	7
week	1	1	4	0	1	7
joe	0	0	0	7	0	7
gotta	1	3	0	2	1	7
prod	0	0	0	1	6	7
tf	2	2	1	2	0	7
lost	0	1	2	3	1	7
juanflatroo	0	0	7	0	0	7
rip	0	2	1	1	3	7
pain	1	0	6	0	0	7
ratir	7	0	0	0	0	7
africa	0	0	0	7	0	7
tu	1	0	6	0	0	7
meow	7	0	0	0	0	7
money	1	3	2	1	0	7
ge	0	0	0	0	7	7
didnt	0	2	3	0	2	7
hit	2	0	3	0	2	7
cinema	0	1	2	3	1	7
cooked	4	0	1	2	0	7
yea	1	0	3	1	2	7
bruh	2	2	1	0	2	7
paske	0	0	7	0	0	7
mijo	5	0	0	2	0	7
banger	0	7	0	0	0	7
hp	7	0	0	0	0	7
dude	0	1	1	4	1	7
soulcas	0	0	0	0	7	7
follow	1	1	1	0	4	7
viva	0	0	0	7	0	7
bb	0	6	1	0	0	7
sayo	0	0	0	0	7	7
long	0	1	3	1	2	7
cats	0	0	0	0	7	7
wow	3	0	1	0	2	6
close	0	2	1	1	2	6
spp	0	0	0	0	6	6
channel	1	1	1	2	1	6
lucky	0	0	4	0	2	6
coming	1	1	1	2	1	6
months	0	0	1	1	4	6
box	0	4	0	1	1	6
classic	3	1	2	0	0	6
double	0	3	0	1	2	6
shirt	3	0	0	2	1	6
giveaway	0	0	3	0	3	6
france	0	0	0	6	0	6
bcs	0	6	0	0	0	6
beano	0	0	0	6	0	6
dpi	0	0	1	0	5	6
australia	0	0	4	2	0	6
wutface	0	0	5	1	0	6
happyd	6	0	0	0	0	6
killed	1	3	1	1	0	6
vinland	0	6	0	0	0	6
saga	0	6	0	0	0	6
mods	1	2	3	0	0	6
dick	1	0	0	0	5	6
hm	0	4	1	1	0	6
monka	5	0	1	0	0	6
zyzzrave	6	0	0	0	0	6
lose	1	1	1	1	2	6
pls	2	0	1	0	3	6
buy	1	0	4	0	1	6
fucking	2	0	1	3	0	6
speed	6	0	0	0	0	6
max	0	6	0	0	0	6
send	1	0	4	0	1	6
missed	4	1	0	0	1	6
guh	6	0	0	0	0	6
waga	1	1	4	0	0	6
disband	0	0	6	0	0	6
fox	0	0	0	6	0	6
forget	3	0	2	0	1	6
girl	1	3	1	1	0	6
guess	1	3	0	0	2	6
aintnoway	6	0	0	0	0	6
smirk	0	6	0	0	0	6
today	3	0	0	0	3	6
friends	0	0	2	2	2	6
passive	6	0	0	0	0	6
immortal	1	0	0	0	5	6
joebartthumbs	0	0	0	6	0	6
winning	2	1	1	2	0	6
race	6	0	0	0	0	6
targeted	1	0	0	5	0	6
bleh	0	6	0	0	0	6
cute	0	2	0	2	2	6
flor	0	0	0	0	6	6
incoming	4	0	1	1	0	6
lmaoo	1	2	0	0	3	6
literally	0	0	1	3	2	6
remember	1	0	2	2	1	6
knife	0	0	5	0	1	6
enjoy	1	2	1	1	1	6
evil	1	0	0	5	0	6
support	2	0	0	1	3	6
mana	6	0	0	0	0	6
min	0	0	4	0	2	6
minecraft	0	3	0	0	3	6
dodge	1	0	0	0	5	6
rigged	0	0	0	6	0	6
gwaga	0	6	0	0	0	6
wanted	2	0	0	2	2	6
ive	3	0	0	1	2	6
erm	4	0	1	1	0	6
hates	1	0	2	2	0	5
pro	1	0	0	0	4	5
fish	0	0	0	0	5	5
batchest	0	0	0	5	0	5
covering	0	0	0	4	1	5
juanddhmm	0	0	0	0	5	5
armormr	5	0	0	0	0	5
casting	5	0	0	0	0	5
faster	5	0	0	0	0	5
ratio	5	0	0	0	0	5
running	2	0	2	0	1	5
islam	0	0	0	5	0	5
eeka	5	0	0	0	0	5
king	2	0	1	1	1	5
unstoppable	5	0	0	0	0	5
frfr	4	0	1	0	0	5
talking	2	1	0	1	1	5
sick	1	0	0	1	3	5
marlon	0	0	0	5	0	5
feaky	4	1	0	0	0	5
left	0	0	1	1	3	5
hold	0	0	0	0	5	5
br	1	3	1	0	0	5
beer	1	0	0	4	0	5
vit	0	0	0	0	5	5
nope	2	0	0	1	2	5
vlad	5	0	0	0	0	5
starting	2	0	0	2	1	5
shots	1	0	1	0	3	5
yippee	0	5	0	0	0	5
elo	0	3	1	0	1	5
streamer	2	1	1	1	0	5
stay	1	1	1	2	0	5
qsmp	0	0	0	0	5	5
ban	4	0	1	0	0	5
throwing	1	0	2	1	1	5
players	1	1	0	0	3	5
years	0	0	2	3	0	5
tv	4	1	0	0	0	5
mod	0	0	4	1	0	5
rat	4	0	0	1	0	5
turn	0	0	0	4	1	5
rengar	5	0	0	0	0	5
dark	4	0	0	1	0	5
pick	0	0	3	1	1	5
hooxi	0	0	5	0	0	5
switzerland	0	0	0	5	0	5
twitch	2	2	0	1	0	5
prime	2	0	0	1	2	5
bird	0	5	0	0	0	5
hopping	5	0	0	0	0	5
abilities	5	0	0	0	0	5
airborne	5	0	0	0	0	5
cost	5	0	0	0	0	5
transforms	5	0	0	0	0	5
refunded	5	0	0	0	0	5
deals	5	0	0	0	0	5
idk	1	2	0	1	1	5
youtube	2	1	0	0	2	5
sukivtwakeup	0	0	5	0	0	5
chance	1	0	1	0	3	5
rounds	0	0	1	1	3	5
clean	0	3	0	1	1	5
real	0	0	2	1	2	5
happening	1	1	2	1	0	5
dom	0	0	0	0	5	5
gl	2	2	1	0	0	5
boxing	0	0	0	5	0	5
sens	0	0	2	0	3	5
stretched	0	0	1	0	4	5
jah	0	0	4	1	0	5
month	1	0	0	0	4	5
face	0	4	1	0	0	5
death	1	0	0	4	0	5
hear	0	1	0	3	1	5
ate	0	2	2	1	0	5
forsensith	0	5	0	0	0	5
video	2	0	0	2	1	5
huh	1	0	3	0	1	5
huu	1	0	3	1	0	5
transgenderpride	0	5	0	0	0	5
oink	5	0	0	0	0	5
raid	1	0	0	4	0	5
threw	0	0	1	1	3	5
learn	4	0	0	0	1	5
talk	0	1	1	3	0	5
allowed	0	1	1	1	2	5
buddy	0	3	2	0	0	5
throw	0	1	0	0	4	5
olaf	5	0	0	0	0	5
mad	2	0	1	1	1	5
af	1	1	0	1	2	5
bo	2	0	0	3	0	5
uh	1	2	0	2	0	5
brother	2	0	1	1	1	5
deserve	4	0	0	1	0	5
vai	0	0	5	0	0	5
bang	2	1	0	0	1	4
gift	3	0	0	1	0	4
evbo	0	4	0	0	0	4
tier	0	1	2	0	1	4
met	0	0	1	1	2	4
cheer	4	0	0	0	0	4
trade	0	1	1	1	1	4
pretty	1	1	1	0	1	4
ult	4	0	0	0	0	4
finals	2	0	0	1	1	4
math	0	0	4	0	0	4
isp	4	0	0	0	0	4
revenge	0	4	0	0	0	4
die	0	2	0	1	1	4
start	1	1	1	1	0	4
cam	0	0	0	1	3	4
report	4	0	0	0	0	4
cheater	0	4	0	0	0	4
dancey	0	0	0	0	4	4
ads	1	0	0	2	1	4
loss	4	0	0	0	0	4
scared	1	0	1	2	0	4
sadge	2	0	2	0	0	4
erobb	0	0	0	4	0	4
korea	4	0	0	0	0	4
ing	4	0	0	0	0	4
drututt	4	0	0	0	0	4
tracklink	4	0	0	0	0	4
overview	4	0	0	0	0	4
person	1	0	0	2	1	4
lod	0	0	0	0	4	4
streak	4	0	0	0	0	4
wizwot	0	0	4	0	0	4
turns	0	3	0	1	0	4
attacks	0	3	0	1	0	4
sliggy	0	0	0	0	4	4
map	0	0	1	0	3	4
oof	2	0	0	1	1	4
case	0	0	3	0	1	4
poor	1	2	0	0	1	4
nt	0	1	1	0	2	4
prelolw	0	4	0	0	0	4
username	0	4	0	0	0	4
fear	0	4	0	0	0	4
screaming	0	4	0	0	0	4
settings	0	0	3	0	1	4
smooya	0	0	4	0	0	4
dans	0	0	3	1	0	4
alert	0	0	4	0	0	4
fan	1	0	1	1	1	4
sounds	0	0	1	1	2	4
dd	3	0	0	1	0	4
bluealiendance	4	0	0	0	0	4
crash	1	1	0	1	1	4
fat	0	0	3	1	0	4
ns	0	0	2	0	2	4
diamond	2	0	1	0	1	4
ai	2	0	1	1	0	4
dat	0	0	0	0	4	4
ouu	0	0	1	2	1	4
job	0	0	0	1	3	4
reis	0	0	0	4	0	4
mentioned	0	0	1	1	2	4
nikolajltn	0	0	4	0	0	4
deleted	4	0	0	0	0	4
message	3	1	0	0	0	4
saved	0	0	2	0	2	4
wiz	0	0	4	0	0	4
bot	1	0	2	0	1	4
dog	4	0	0	0	0	4
harvest	4	0	0	0	0	4
wrong	1	1	0	2	0	4
lifesteal	0	4	0	0	0	4
elp	0	4	0	0	0	4
woah	1	0	0	0	3	4
skins	0	0	4	0	0	4
sold	0	0	1	2	1	4
banned	3	0	1	0	0	4
dansi	2	0	0	0	2	4
marlgmarflex	0	0	0	4	0	4
terrible	2	0	1	1	0	4
biggest	0	3	0	1	0	4
parrot	0	4	0	0	0	4
prx	0	0	0	0	4	4
played	0	0	0	0	4	4
crazyguy	0	0	0	0	4	4
ranked	0	0	0	0	4	4
rare	0	3	0	0	1	4
mai	0	0	0	4	0	4
siktir	0	0	0	4	0	4
yep	0	0	0	4	0	4
wemby	0	0	0	4	0	4
knicks	0	0	0	4	0	4
link	1	0	2	1	0	4
liquid	0	0	3	0	1	4
jugi	0	0	4	0	0	4
tired	2	0	0	0	2	4
mate	0	0	0	4	0	4
super	1	0	1	0	2	4
cup	0	0	0	3	1	4
ggs	1	1	2	0	0	4
insane	0	1	1	0	2	4
peak	0	2	2	0	0	4
hesbuh	4	0	0	0	0	4
storm	1	0	0	0	3	4
score	4	0	0	0	0	4
letroll	4	0	0	0	0	4
juh	0	0	4	0	0	4
donk	0	0	4	0	0	4
record	1	2	0	0	1	4
fr	0	0	0	2	2	4
awp	0	0	4	0	0	4
guests	0	1	0	0	3	4
reallymad	1	0	2	0	1	4
marwn	0	0	4	0	0	4
lmfaoo	0	0	4	0	0	4
blue	0	1	1	0	2	4
sit	0	1	0	0	3	4
happened	0	1	0	1	2	4
attack	0	1	0	1	2	4
nrg	0	0	2	0	2	4
asstralis	0	0	4	0	0	4
funny	1	0	0	3	0	4
yoo	0	1	0	1	2	4
vitality	0	0	1	0	3	4
single	1	0	3	0	0	4
spin	1	0	0	3	0	4
mousepad	0	0	4	0	0	4
pickems	0	0	4	0	0	4
point	0	0	1	2	1	4
match	1	0	1	0	2	4
eslcsgg	0	0	4	0	0	4
laugh	1	0	0	3	0	4
ahh	1	0	3	0	0	4
swear	0	0	1	1	2	4
dropped	0	2	0	2	0	4
build	2	1	0	1	0	4
pagman	0	0	0	4	0	4
brain	0	1	0	3	0	4
gmd	0	0	0	0	4	4
se	1	0	3	0	0	4
arrow	0	0	4	0	0	4
mutted	0	0	0	4	0	4
pay	0	2	1	1	0	4
twitter	0	1	0	2	1	4
smh	0	2	1	0	1	4
building	0	1	2	0	1	4
churches	0	0	0	4	0	4
rape	0	0	0	4	0	4
hihihi	0	4	0	0	0	4
mouth	0	0	0	4	0	4
burger	1	3	0	0	0	4
wp	2	0	0	0	2	4
happi	0	0	0	0	4	4
current	1	0	0	0	3	4
head	1	0	0	0	3	4
elden	4	0	0	0	0	4
ofc	1	1	1	0	1	4
strange	0	0	0	0	4	4
fictiosip	0	0	0	0	4	4
lebron	0	0	0	0	4	4
cap	0	0	0	0	3	3
bard	3	0	0	0	0	3
bonus	0	0	3	0	0	3
iq	0	0	1	2	0	3
qka	0	0	3	0	0	3
te	0	0	3	0	0	3
welp	1	0	1	0	1	3
pbop	0	0	0	0	3	3
spiderman	0	0	0	0	3	3
surely	0	2	1	0	0	3
skill	0	1	0	1	1	3
issue	0	2	0	0	1	3
huge	0	1	2	0	0	3
word	0	2	1	0	0	3
based	1	0	0	2	0	3
zilean	3	0	0	0	0	3
type	2	0	1	0	0	3
havent	2	0	0	1	0	3
rr	0	0	0	0	3	3
aw	0	3	0	0	0	3
sammejam	0	3	0	0	0	3
solo	1	0	1	0	1	3
winnable	3	0	0	0	0	3
shouldve	0	0	0	0	3	3
ring	3	0	0	0	0	3
vamos	0	0	0	3	0	3
beautiful	0	0	0	1	2	3
cabrones	0	0	0	3	0	3
yugixcheer	0	0	0	3	0	3
worry	1	0	2	0	0	3
joshsekiclap	0	0	0	0	3	3
josh	0	0	0	0	3	3
major	0	0	3	0	0	3
clip	1	0	0	1	1	3
helloo	0	2	0	0	1	3
wa	0	0	0	0	3	3
eye	1	0	0	1	1	3
hexagodotamate	0	0	3	0	0	3
balding	1	0	0	2	0	3
goo	0	0	0	3	0	3
rumble	3	0	0	0	0	3
diff	2	1	0	0	0	3
dead	0	0	0	3	0	3
june	2	1	0	0	0	3
wheel	1	2	0	0	0	3
punishment	2	0	0	1	0	3
jakeys	0	0	0	3	0	3
jinxed	0	0	0	0	3	3
theo	0	3	0	0	0	3
making	0	1	1	0	1	3
bet	0	1	0	0	2	3
stats	0	2	0	0	1	3
caught	2	0	1	0	0	3
viewers	3	0	0	0	0	3
rey	0	0	0	3	0	3
mysterio	0	0	0	3	0	3
hmm	1	0	0	2	0	3
si	1	0	1	0	1	3
pizza	0	3	0	0	0	3
glorpass	0	0	0	0	3	3
seraphvpain	0	0	0	0	3	3
degloved	2	0	0	1	0	3
sonion	1	0	0	2	0	3
laughing	0	0	3	0	0	3
question	2	0	0	0	1	3
tinakifine	0	0	0	0	3	3
juan	0	0	0	0	3	3
trust	1	1	0	1	0	3
os	1	0	1	0	1	3
toe	3	0	0	0	0	3
noo	1	2	0	0	0	3
atleast	0	0	2	1	0	3
group	0	0	0	3	0	3
tbf	0	0	0	3	0	3
coach	0	0	1	0	2	3
speedsmile	3	0	0	0	0	3
sell	0	0	3	0	0	3
average	0	0	2	0	1	3
primmie	0	0	0	0	3	3
clears	0	0	0	0	3	3
overrated	0	3	0	0	0	3
joke	1	0	2	0	0	3
dc	0	0	0	3	0	3
save	0	0	2	0	1	3
jabbi	0	0	3	0	0	3
gaulespain	0	0	3	0	0	3
brunson	0	0	0	3	0	3
night	1	0	1	0	1	3
cadetcatdance	0	3	0	0	0	3
lowk	0	2	1	0	0	3
som	0	0	0	0	3	3
rooting	0	0	0	0	3	3
main	2	0	0	0	1	3
worth	1	0	1	1	0	3
canezerra	0	0	0	0	3	3
lev	0	0	0	0	3	3
cortisol	2	0	0	0	1	3
business	0	3	0	0	0	3
serve	0	3	0	0	0	3
manager	0	3	0	0	0	3
theobameme	0	3	0	0	0	3
freak	2	0	0	0	1	3
dm	0	0	0	0	3	3
choose	0	0	0	0	3	3
xqcl	3	0	0	0	0	3
smokes	0	0	3	0	0	3
stage	0	0	1	0	2	3
wagag	0	0	3	0	0	3
cock	0	0	3	0	0	3
vulpkiss	0	0	3	0	0	3
europe	1	0	0	2	0	3
challenge	1	0	0	2	0	3
italy	3	0	0	0	0	3
catpls	1	0	2	0	0	3
wild	0	0	1	0	2	3
spent	0	3	0	0	0	3
secs	0	3	0	0	0	3
theobaldthebird	0	3	0	0	0	3
flashbacks	0	3	0	0	0	3
delights	0	0	0	0	3	3
scopedads	0	0	0	0	3	3
windows	0	0	0	0	3	3
great	1	0	1	0	1	3
email	0	0	3	0	0	3
woman	1	0	1	1	0	3
en	2	0	0	0	1	3
trav	0	0	0	0	3	3
adc	3	0	0	0	0	3
gifters	0	0	2	0	1	3
moderator	3	0	0	0	0	3
hug	2	1	0	0	0	3
wins	2	0	1	0	0	3
msg	0	0	0	1	2	3
bag	0	0	0	1	2	3
mika	0	0	0	0	3	3
sady	0	3	0	0	0	3
pc	0	0	1	1	1	3
bigtime	0	0	0	0	3	3
quick	0	1	1	1	0	3
user	0	3	0	0	0	3
endures	0	3	0	0	0	3
strikes	0	3	0	0	0	3
karlkocluetorbing	0	3	0	0	0	3
noxwhat	0	3	0	0	0	3
nick	3	0	0	0	0	3
app	1	0	0	2	0	3
polling	0	0	0	0	3	3
rate	0	0	0	0	3	3
fk	3	0	0	0	0	3
worse	3	0	0	0	0	3
luck	1	0	1	1	0	3
reading	0	0	0	1	2	3
country	0	0	0	2	1	3
joanna	3	0	0	0	0	3
lovey	0	3	0	0	0	3
feeling	0	1	0	0	2	3
points	1	0	1	1	0	3
albert	0	0	0	3	0	3
nabs	0	0	0	3	0	3
buzzball	0	0	0	3	0	3
break	2	0	0	1	0	3
worst	0	0	1	1	1	3
ka	0	0	3	0	0	3
chad	0	0	1	2	0	3
ohnepls	0	0	3	0	0	3
mans	0	0	0	0	3	3
hours	0	1	2	0	0	3
reunion	0	0	0	0	3	3
flatron	0	0	3	0	0	3
jump	1	0	0	0	2	3
hate	1	0	1	1	0	3
zemer	0	0	3	0	0	3
join	0	0	2	0	1	3
lacythugs	0	0	0	3	0	3
marlgm	0	0	0	3	0	3
boys	0	0	0	3	0	3
residentsleeper	2	0	0	0	1	3
band	1	0	2	0	0	3
cheap	0	0	3	0	0	3
kaichu	0	0	0	3	0	3
snowcone	0	0	0	3	0	3
thx	2	1	0	0	0	3
advance	1	0	1	0	1	3
foolish	0	1	0	0	2	3
civil	0	0	0	3	0	3
opieop	0	0	0	3	0	3
xhoci	0	0	3	0	0	3
tralis	0	0	3	0	0	3
timfooler	3	0	0	0	0	3
dying	1	1	0	0	1	3
imagine	0	0	1	1	1	3
pride	0	0	0	0	3	3
listening	2	0	0	0	1	3
rofl	0	1	0	2	0	3
reaction	0	1	2	0	0	3
content	0	0	1	0	2	3
skin	0	0	0	1	2	3
hows	2	0	0	1	0	3
outputchange	0	0	0	3	0	3
asf	0	0	0	0	3	3
stand	0	0	0	0	3	3
el	3	0	0	0	0	3
sendo	3	0	0	0	0	3
ripped	0	0	0	0	3	3
shot	0	0	2	1	0	3
gameplay	2	0	0	0	1	3
ll	3	0	0	0	0	3
mir	0	0	3	0	0	3
deposit	0	0	3	0	0	3
paska	0	0	3	0	0	3
xaromegalul	0	3	0	0	0	3
catkiss	0	2	1	0	0	3
push	0	1	0	0	2	3
traitor	1	1	0	1	0	3
brawlhalla	0	0	0	3	0	3
muslim	0	0	0	3	0	3
alveusscared	0	0	0	0	3	3
tutorial	0	0	0	0	3	3
alveuscheer	0	0	0	0	3	3
subs	1	1	1	0	0	3
drops	1	1	0	0	1	3
server	0	3	0	0	0	3
qi	0	0	3	0	0	3
cara	0	0	3	0	0	3
refresh	3	0	0	0	0	3
alr	1	0	0	2	0	3
motels	0	0	3	0	0	3
ki	0	0	2	0	1	3
graphics	0	0	0	0	3	3
politics	0	1	0	2	0	3
bta	0	3	0	0	0	3
chatter	0	3	0	0	0	3
shti	0	0	3	0	0	3
sword	0	3	0	0	0	3
wemadeoop	0	0	0	0	3	3
gifted	1	1	0	0	1	3
tourney	1	0	1	0	1	3
zagged	0	0	0	0	2	2
warm	0	0	0	0	2	2
rmm	2	0	0	0	0	2
dodging	0	0	0	0	2	2
compared	0	0	0	0	2	2
corners	0	0	0	0	2	2
bringing	0	1	0	0	1	2
count	0	1	0	1	0	2
age	0	1	0	1	0	2
list	0	1	0	1	0	2
losing	0	1	0	1	0	2
wasnt	0	1	0	0	1	2
ay	0	2	0	0	0	2
cooking	0	2	0	0	0	2
fights	0	0	0	0	2	2
everytime	1	1	0	0	0	2
gr	1	0	0	0	1	2
vac	0	0	0	0	2	2
subroza	0	0	0	0	2	2
ono	0	0	0	0	2	2
jynxzi	2	0	0	0	0	2
tournament	2	0	0	0	0	2
ungrateful	2	0	0	0	0	2
lewi	0	0	2	0	0	2
nxhep	0	0	2	0	0	2
smoojen	0	0	2	0	0	2
shemi	0	0	2	0	0	2
koka	0	0	2	0	0	2
aa	0	0	1	1	0	2
fol	0	0	2	0	0	2
cinna	2	0	0	0	0	2
calling	1	0	1	0	0	2
click	0	0	2	0	0	2
alrdy	1	0	0	1	0	2
german	1	1	0	0	0	2
catjam	0	2	0	0	0	2
chzzk	2	0	0	0	0	2
favor	0	0	1	1	0	2
cassino	0	0	2	0	0	2
cancel	1	0	0	0	1	2
shkun	0	0	2	0	0	2
mija	2	0	0	0	0	2
greed	1	0	0	0	1	2
koke	0	0	2	0	0	2
prej	0	0	2	0	0	2
recall	1	1	0	0	0	2
nemessi	2	0	0	0	0	2
works	1	1	0	0	0	2
gosta	0	0	2	0	0	2
quer	0	0	2	0	0	2
legal	0	0	1	1	0	2
pq	0	0	2	0	0	2
bullshit	1	0	1	0	0	2
virtual	0	0	2	0	0	2
casino	0	0	2	0	0	2
tem	0	0	2	0	0	2
instagram	0	0	1	0	1	2
pot	0	0	2	0	0	2
bir	0	0	2	0	0	2
giveaways	0	0	2	0	0	2
hellcase	0	0	2	0	0	2
aver	0	0	2	0	0	2
birrape	0	0	2	0	0	2
tua	0	0	2	0	0	2
bom	0	0	1	1	0	2
por	0	0	1	0	1	2
randomguylul	2	0	0	0	0	2
dive	1	0	0	1	0	2
choking	0	0	2	0	0	2
forson	0	0	2	0	0	2
earlier	1	0	0	0	1	2
order	0	0	1	1	0	2
brud	0	0	2	0	0	2
mood	1	0	0	0	1	2
aka	0	0	1	0	1	2
bre	0	0	2	0	0	2
sizzi	0	0	2	0	0	2
kids	0	0	1	1	0	2
destroy	0	0	2	0	0	2
ya	1	0	0	1	0	2
nahh	1	0	0	0	1	2
muga	0	0	2	0	0	2
pspcokeshaky	0	0	2	0	0	2
wont	1	0	0	1	0	2
soulfly	0	0	2	0	0	2
forgot	1	1	0	0	0	2
bru	0	0	1	1	0	2
climb	2	0	0	0	0	2
routing	2	0	0	0	0	2
croatia	2	0	0	0	0	2
england	1	0	0	1	0	2
dentge	1	0	0	1	0	2
astra	0	0	1	0	1	2
awper	0	0	1	0	1	2
shoot	0	0	1	0	1	2
kesha	2	0	0	0	0	2
finally	1	1	0	0	0	2
shoulda	0	0	1	1	0	2
counter	0	0	1	1	0	2
heaven	0	0	1	0	1	2
rem	0	0	2	0	0	2
biroman	0	0	2	0	0	2
wouldnt	0	0	1	1	0	2
midlane	2	0	0	0	0	2
challenger	2	0	0	0	0	2
happend	0	0	2	0	0	2
shii	0	0	1	1	0	2
doesheknow	2	0	0	0	0	2
cuz	1	0	0	0	1	2
riding	1	0	0	0	1	2
xqc	0	0	2	0	0	2
killthatboy	0	0	2	0	0	2
matter	0	0	1	0	1	2
buying	0	0	1	0	1	2
monitor	0	0	2	0	0	2
subscribe	0	0	1	0	1	2
vc	1	1	0	0	0	2
picked	0	0	0	2	0	2
norway	0	0	0	2	0	2
rid	0	0	1	0	1	2
series	0	0	1	0	1	2
local	1	0	0	1	0	2
rainwaker	0	0	2	0	0	2
kills	0	0	2	0	0	2
lowkey	0	0	1	0	1	2
soul	1	0	0	1	0	2
naafiri	2	0	0	0	0	2
nsfw	0	0	2	0	0	2
inches	0	0	2	0	0	2
handsup	0	0	2	0	0	2
difficult	1	0	0	0	1	2
beat	1	0	0	1	0	2
yugi	0	0	0	2	0	2
shut	0	0	0	2	0	2
rose	2	0	0	0	0	2
trol	2	0	0	0	0	2
egypt	0	0	0	2	0	2
chill	0	0	0	1	1	2
dumb	0	0	0	2	0	2
yikes	2	0	0	0	0	2
deluxify	2	0	0	0	0	2
aint	1	0	0	1	0	2
ayaya	0	0	2	0	0	2
slow	0	0	1	1	0	2
read	0	0	1	0	1	2
rmr	0	0	2	0	0	2
awo	0	0	2	0	0	2
shame	1	0	1	0	0	2
camel	1	1	0	0	0	2
year	1	0	0	1	0	2
darrin	0	0	0	2	0	2
lie	1	1	0	0	0	2
roster	1	0	1	0	0	2
touch	2	0	0	0	0	2
leave	0	0	1	1	0	2
timeout	0	0	2	0	0	2
flm	0	0	2	0	0	2
pitch	0	0	0	2	0	2
extra	0	0	0	1	1	2
bit	1	0	0	1	0	2
begging	1	1	0	0	0	2
boss	2	0	0	0	0	2
difficulty	1	0	0	0	1	2
struggle	1	0	0	0	1	2
jersey	0	0	0	2	0	2
diagonals	0	0	0	2	0	2
pickem	0	0	2	0	0	2
bots	0	0	1	1	0	2
fried	1	0	1	0	0	2
muted	1	0	0	1	0	2
hat	2	0	0	0	0	2
goin	1	0	1	0	0	2
watkins	0	0	0	2	0	2
yugixexcited	0	0	0	2	0	2
dance	0	0	0	2	0	2
fo	2	0	0	0	0	2
descendant	2	0	0	0	0	2
emotional	0	0	0	2	0	2
chills	0	0	0	2	0	2
nba	0	0	0	2	0	2
paid	0	0	0	1	1	2
tal	2	0	0	0	0	2
placebo	2	0	0	0	0	2
league	2	0	0	0	0	2
probs	0	0	0	1	1	2
bench	0	0	0	2	0	2
boo	0	0	0	2	0	2
canada	1	0	0	1	0	2
aight	1	1	0	0	0	2
omgbruh	1	1	0	0	0	2
orianna	2	0	0	0	0	2
poggers	0	0	2	0	0	2
problem	0	0	1	1	0	2
strangers	0	0	1	1	0	2
premier	1	0	1	0	0	2
clear	1	0	0	0	1	2
rooshrug	0	0	0	2	0	2
court	0	0	0	2	0	2
surrender	0	0	2	0	0	2
cadian	0	0	2	0	0	2
meant	1	0	0	1	0	2
weeks	1	1	0	0	0	2
eyes	1	0	0	1	0	2
astrashlis	0	0	2	0	0	2
bedge	0	0	1	1	0	2
malding	0	0	2	0	0	2
trash	0	0	1	1	0	2
told	0	0	0	2	0	2
spam	1	0	0	0	1	2
stupid	1	0	1	0	0	2
salute	0	0	0	2	0	2
closer	0	0	0	1	1	2
energy	2	0	0	0	0	2
positive	2	0	0	0	0	2
legend	1	0	0	1	0	2
enn	0	0	2	0	0	2
imm_skull	0	0	2	0	0	2
smoked	0	0	2	0	0	2
choke	0	0	1	1	0	2
aim	0	0	1	0	1	2
baus	2	0	0	0	0	2
lucian	2	0	0	0	0	2
igl	0	0	2	0	0	2
mental	1	0	1	0	0	2
champs	1	0	0	0	1	2
streamers	1	1	0	0	0	2
community	1	0	0	1	0	2
hilarious	0	0	0	2	0	2
yoink	0	0	0	2	0	2
urself	0	0	0	1	1	2
surprised	0	0	0	2	0	2
powerbank	0	0	0	2	0	2
thousands	0	0	0	2	0	2
tita	0	0	0	2	0	2
called	1	0	0	0	1	2
alien	2	0	0	0	0	2
stfu	1	0	0	0	1	2
pointless	2	0	0	0	0	2
thebaus	2	0	0	0	0	2
sincerelyspotty	0	0	2	0	0	2
belgium	0	0	2	0	0	2
peepocheer	0	0	0	2	0	2
criminal	0	0	0	1	1	2
chatters	2	0	0	0	0	2
rage	0	0	0	2	0	2
lot	0	0	0	1	1	2
fiddle	2	0	0	0	0	2
jungler	2	0	0	0	0	2
enemy	1	0	0	0	1	2
brady	0	0	0	2	0	2
pilat	0	0	0	2	0	2
yk	0	0	1	0	1	2
reactionplayz_	0	0	2	0	0	2
cereal	2	0	0	0	0	2
angrier	2	0	0	0	0	2
portfolio	0	0	2	0	0	2
dreams	0	0	2	0	0	2
yippie	0	0	0	1	1	2
write	0	0	0	2	0	2
notes	0	0	0	2	0	2
lit	0	0	0	1	1	2
becca	0	0	0	2	0	2
agreed	0	0	0	1	1	2
hella	1	0	0	0	1	2
staycalm	2	0	0	0	0	2
irl	0	0	1	0	1	2
wear	0	0	1	1	0	2
robbed	0	0	1	1	0	2
seemsgood	0	0	1	1	0	2
pin	0	0	0	2	0	2
azzapp	2	0	0	0	0	2
zap	2	0	0	0	0	2
epstein	0	0	0	2	0	2
ew	0	0	0	1	1	2
nms	0	0	0	2	0	2
events	0	0	0	2	0	2
fighting	0	0	0	1	1	2
lacy	0	0	0	2	0	2
masters	1	0	0	0	1	2
tbh	1	1	0	0	0	2
started	1	1	0	0	0	2
shi	0	0	0	1	1	2
tapcap	0	0	0	2	0	2
actual	0	0	1	1	0	2
chudberto	0	0	2	0	0	2
honestly	0	0	1	0	1	2
reason	0	0	1	1	0	2
event	0	2	0	0	0	2
place	0	1	0	1	0	2
reference	0	0	1	0	1	2
chud	0	0	2	0	0	2
maxixor	0	0	2	0	0	2
heart	0	0	0	1	1	2
press	1	0	0	0	1	2
billy	1	0	0	1	0	2
neuro	0	0	0	2	0	2
vedalevilwave	0	0	0	2	0	2
unit	0	0	0	1	1	2
loll	0	2	0	0	0	2
um	0	1	1	0	0	2
therapy	0	2	0	0	0	2
portal	0	2	0	0	0	2
built	0	1	0	1	0	2
checking	0	0	1	0	1	2
facts	0	0	1	1	0	2
heinztf	0	0	2	0	0	2
killing	0	0	1	1	0	2
finished	0	0	0	2	0	2
asmon	0	0	0	2	0	2
heard	0	0	0	1	1	2
philly	0	0	0	2	0	2
kekl	0	1	0	1	0	2
advice	0	1	0	0	1	2
trolling	0	1	1	0	0	2
bed	0	2	0	0	0	2
lolol	0	2	0	0	0	2
ways	0	1	1	0	0	2
connect	0	0	0	2	0	2
lookup	0	0	0	1	1	2
artifact	2	0	0	0	0	2
deck	2	0	0	0	0	2
stabbing	0	0	0	2	0	2
input	0	0	0	2	0	2
diesofcringe	0	0	0	2	0	2
hoo	0	0	0	1	1	2
war	0	0	0	2	0	2
violent	0	0	0	2	0	2
whites	0	0	0	2	0	2
missing	0	1	0	0	1	2
ty	0	1	1	0	0	2
tan	0	1	0	0	1	2
boosfergiggle	0	2	0	0	0	2
snakezy	0	2	0	0	0	2
mint	0	1	0	1	0	2
pepelaugh	0	1	0	1	0	2
champ	2	0	0	0	0	2
defend	0	0	0	2	0	2
rapists	0	0	0	2	0	2
working	1	1	0	0	0	2
abt	1	0	1	0	0	2
burning	0	0	0	2	0	2
favorite	1	0	1	0	0	2
kuchta	2	0	0	0	0	2
wuh	2	0	0	0	0	2
queen	2	0	0	0	0	2
crime	0	0	0	2	0	2
gangs	0	0	0	2	0	2
behave	0	0	0	2	0	2
ik	0	0	0	2	0	2
uk	0	0	0	2	0	2
judge	0	1	0	0	1	2
boosferwave	0	2	0	0	0	2
sneaky	0	1	0	1	0	2
therethere	0	2	0	0	0	2
flashback	0	2	0	0	0	2
moment	0	1	1	0	0	2
bebe	0	0	0	0	2	2
artisan	0	0	0	0	2	2
xl	0	0	0	0	2	2
room	0	1	0	0	1	2
fingers	0	2	0	0	0	2
pat	0	2	0	0	0	2
looked	0	1	0	0	1	2
sarulf	2	0	0	0	0	2
golgari	2	0	0	0	0	2
foreigners	0	0	0	2	0	2
citizens	0	0	0	2	0	2
muslims	0	0	0	2	0	2
lobby	1	0	0	0	1	2
special	0	0	0	2	0	2
treatment	0	0	0	2	0	2
twin	0	0	0	0	2	2
returned	0	0	0	0	2	2
tiktok	0	0	0	0	2	2
explain	0	0	0	0	2	2
ready	0	0	0	0	2	2
eat	1	0	0	0	1	2
dmg	2	0	0	0	0	2
guardian	0	1	0	0	1	2
phone	0	1	0	1	0	2
eating	0	1	0	0	1	2
theobaldthemanager	0	2	0	0	0	2
yapping	0	1	1	0	0	2
yh	0	1	0	1	0	2
togehter	2	0	0	0	0	2
tdm	0	0	0	0	2	2
razer	0	0	0	0	2	2
viper	0	0	0	0	2	2
fns	0	0	0	0	2	2
owo	0	0	0	0	2	2
maths	0	1	0	0	1	2
lurking	0	2	0	0	0	2
nod	0	2	0	0	0	2
waffles	0	2	0	0	0	2
ima	0	1	0	1	0	2
rank	0	1	0	0	1	2
cannons	2	0	0	0	0	2
card	0	0	0	0	2	2
tinakicry	0	0	0	0	2	2
member	0	0	0	0	2	2
twitchunity	0	0	0	0	2	2
soft	0	0	0	0	2	2
questionare	0	0	0	0	2	2
disappear	0	0	0	0	2	2
jhin	2	0	0	0	0	2
happydd	2	0	0	0	0	2
random	1	0	1	0	0	2
choked	0	0	0	0	2	2
ball	0	2	0	0	0	2
happen	0	1	0	0	1	2
sobbing	0	1	0	0	1	2
hihi	0	2	0	0	0	2
prince	0	1	1	0	0	2
wsp	0	2	0	0	0	2
excited	0	1	0	0	1	2
zamm	0	2	0	0	0	2
wo	0	2	0	0	0	2
juanddclap	0	0	0	0	2	2
ishan	0	0	0	0	2	2
vegettsad	0	0	0	0	2	2
comp	2	0	0	0	0	2
bonded	0	0	0	0	2	2
sobbed	0	0	0	0	2	2
xtentacion	0	2	0	0	0	2
saul	0	2	0	0	0	2
boring	0	1	1	0	0	2
clubstep	0	2	0	0	0	2
command	0	1	1	0	0	2
updated	0	1	1	0	0	2
aww	0	1	0	0	1	2
ssd_	0	2	0	0	0	2
cya	0	1	0	1	0	2
pistol	0	0	0	0	2	2
pistols	0	0	0	0	2	2
chron	0	0	0	0	2	2
alright	1	1	0	0	0	2
kiss	0	0	0	0	2	2
scuba	0	0	0	0	2	2
jawgemo	0	0	0	0	2	2
counting	0	1	0	1	0	2
assume	0	1	1	0	0	2
mario	0	2	0	0	0	2
maker	0	2	0	0	0	2
twerk	0	0	0	0	2	2
flex	1	0	0	0	1	2
budget	1	0	1	0	0	2
remastered	0	0	0	0	2	2
uhh	0	0	0	0	2	2
proof	0	0	0	0	2	2
dex	0	0	0	0	2	2
valo	0	0	0	0	2	2
absolutely	1	0	1	0	0	2
heretics	0	0	0	0	2	2
oda	0	0	0	0	2	2
forsenfaint	0	2	0	0	0	2
touched	0	1	0	0	1	2
geass	0	2	0	0	0	2
friend	0	1	0	0	1	2
anime	0	2	0	0	0	2
genuinely	0	1	0	0	1	2
straight	0	1	0	0	1	2
collect	0	2	0	0	0	2
coins	0	2	0	0	0	2
happywei	0	0	0	0	2	2
scatter	0	0	0	0	2	2
mada	0	0	0	0	2	2
joever	2	0	0	0	0	2
xlg	0	0	0	0	2	2
talent	0	0	0	0	2	2
travis	0	0	0	0	2	2
party	0	1	0	0	1	2
collab	0	2	0	0	0	2
ig	0	1	0	0	1	2
duelist	0	0	0	0	2	2
fax	0	0	0	0	2	2
wouldve	0	0	0	0	2	2
milk	2	0	0	0	0	2
strong	2	0	0	0	0	2
okok	1	0	1	0	0	2
plays	0	0	0	0	2	2
unrt	0	0	0	0	2	2
fans	0	0	0	0	2	2
profile	1	0	1	0	0	2
english	1	1	0	0	0	2
ardiis	0	0	0	0	2	2
omen	0	0	0	0	2	2
haerin	0	0	0	0	2	2
stuff	0	1	0	0	1	2
sticker	0	2	0	0	0	2
zombies	0	2	0	0	0	2
locked	0	1	0	0	1	2
someones	0	1	1	0	0	2
nno	0	2	0	0	0	2
stealing	0	0	0	0	2	2
lnk	0	0	0	0	2	2
yinsu	0	0	0	0	2	2
tl	0	0	0	0	2	2
nivera	0	0	0	0	2	2
pacific	0	0	0	0	2	2
desk	0	0	0	0	2	2
mode	0	0	0	0	2	2
zigged	0	0	0	0	2	2
ht	0	2	0	0	0	2
putting	0	2	0	0	0	2
belt	0	2	0	0	0	2
battle	0	1	0	0	1	2
minutes	0	1	1	0	0	2
cheating	0	2	0	0	0	2
chestplate	0	2	0	0	0	2
twirps	0	2	0	0	0	2
refrain	0	2	0	0	0	2
mm	0	0	0	0	2	2
tung	0	0	0	0	2	2
slower	0	0	0	0	2	2
waylay	0	0	0	0	2	2
ddr	0	0	0	0	2	2
letters	0	2	0	0	0	2
strat	0	1	0	0	1	2
goals	0	1	0	1	0	2
town	0	1	0	1	0	2
letter	0	2	0	0	0	2
streaming	0	2	0	0	0	2
coding	0	2	0	0	0	2
alt	0	2	0	0	0	2
hiding	0	0	0	0	2	2
patience	0	0	0	0	2	2
spidey	0	0	0	0	2	2
spider	0	0	0	0	2	2
uncharted	0	0	0	0	2	2
rae	0	0	0	0	2	2
middle	0	0	0	0	2	2
glerm	2	0	0	0	0	2
triangle	0	0	0	0	1	1
mrrm	1	0	0	0	0	1
aksherm	1	0	0	0	0	1
cuteerm	1	0	0	0	0	1
darkermvest	1	0	0	0	0	1
didsomeonesayerm	1	0	0	0	0	1
elermtrocute	1	0	0	0	0	1
jr	0	0	0	0	1	1
hut	0	0	0	0	1	1
weenie	0	0	0	0	1	1
clappi	0	0	0	0	1	1
option	0	0	0	0	1	1
waytooerm	1	0	0	0	0	1
veryerm	1	0	0	0	0	1
terminus	1	0	0	0	0	1
term	1	0	0	0	0	1
rerm	1	0	0	0	0	1
repterm	1	0	0	0	0	1
permnis	1	0	0	0	0	1
hermris	1	0	0	0	0	1
ermadin	1	0	0	0	0	1
relatable	0	0	0	0	1	1
stimulated	0	0	0	0	1	1
wt	0	1	0	0	0	1
feinberg	0	1	0	0	0	1
wha	0	1	0	0	0	1
fault	0	1	0	0	0	1
problematicparagons	0	1	0	0	0	1
coincidence	0	1	0	0	0	1
suspiciously	0	1	0	0	0	1
crashed	0	1	0	0	0	1
trueing	0	1	0	0	0	1
tomato	0	1	0	0	0	1
forcing	0	1	0	0	0	1
revealed	0	1	0	0	0	1
fisk	0	0	0	0	1	1
prepare	0	0	0	0	1	1
heal	0	0	0	0	1	1
gow	0	0	0	0	1	1
promise	0	1	0	0	0	1
rewards	0	1	0	0	0	1
earned	0	1	0	0	0	1
category	0	1	0	0	0	1
participating	0	1	0	0	0	1
champions	0	1	0	0	0	1
areana	0	1	0	0	0	1
undsr	0	1	0	0	0	1
teap	0	1	0	0	0	1
sheild	0	1	0	0	0	1
rlly	0	1	0	0	0	1
shorten	0	1	0	0	0	1
vide	0	1	0	0	0	1
chonky	0	1	0	0	0	1
allocation	0	1	0	0	0	1
memory	0	1	0	0	0	1
neth	0	1	0	0	0	1
yalls	0	1	0	0	0	1
inventory	0	1	0	0	0	1
visiting	0	1	0	0	0	1
weakness	0	1	0	0	0	1
tulip	0	1	0	0	0	1
spawned	0	1	0	0	0	1
trader	0	1	0	0	0	1
wandering	0	1	0	0	0	1
mansion	0	1	0	0	0	1
sake	0	1	0	0	0	1
ice	0	1	0	0	0	1
fair	0	1	0	0	0	1
ferris	0	1	0	0	0	1
kappa	0	1	0	0	0	1
sakes	0	1	0	0	0	1
streamsniping	0	1	0	0	0	1
terms	0	1	0	0	0	1
blocked	0	1	0	0	0	1
bypassing	0	1	0	0	0	1
fonts	0	1	0	0	0	1
location	0	1	0	0	0	1
personal	0	1	0	0	0	1
share	0	1	0	0	0	1
tos	0	1	0	0	0	1
etiquette	0	1	0	0	0	1
advertise	0	1	0	0	0	1
view	0	1	0	0	0	1
drama	0	1	0	0	0	1
spamming	0	1	0	0	0	1
bel	0	1	0	0	0	1
lwk	0	1	0	0	0	1
netherite	0	1	0	0	0	1
headweb	0	1	0	0	0	1
respectful	0	1	0	0	0	1
safe	0	1	0	0	0	1
listed	0	1	0	0	0	1
moderate	0	1	0	0	0	1
allergic	0	1	0	0	0	1
boom	0	1	0	0	0	1
feinbergs	0	1	0	0	0	1
lockin	0	1	0	0	0	1
marin	0	1	0	0	0	1
lying	0	1	0	0	0	1
circus	0	1	0	0	0	1
walteryay	0	1	0	0	0	1
wdr	0	1	0	0	0	1
spoiling	0	1	0	0	0	1
sb	0	1	0	0	0	1
coms	0	1	0	0	0	1
combo	0	1	0	0	0	1
hint	0	1	0	0	0	1
marie	0	1	0	0	0	1
knowledge	0	1	0	0	0	1
streams	0	1	0	0	0	1
tge	0	1	0	0	0	1
tuned	0	1	0	0	0	1
obsession	0	1	0	0	0	1
hearts	0	1	0	0	0	1
mobs	0	1	0	0	0	1
flow	0	1	0	0	0	1
cheerleader	0	1	0	0	0	1
gowan	0	1	0	0	0	1
exams	0	1	0	0	0	1
cadetcumb	0	1	0	0	0	1
cadetspnk	0	1	0	0	0	1
skip	0	1	0	0	0	1
relacing	0	1	0	0	0	1
movie	0	1	0	0	0	1
backrooms	0	1	0	0	0	1
opinion	0	1	0	0	0	1
william	0	1	0	0	0	1
decent	0	1	0	0	0	1
goonix	0	1	0	0	0	1
rock	0	1	0	0	0	1
jojos	0	1	0	0	0	1
overheated	0	1	0	0	0	1
ucnccle	0	1	0	0	0	1
omgg	0	1	0	0	0	1
releasing	0	1	0	0	0	1
hobo	0	1	0	0	0	1
pokemon	0	1	0	0	0	1
pog	0	1	0	0	0	1
jiden	0	1	0	0	0	1
boe	0	1	0	0	0	1
horsen	0	1	0	0	0	1
forsenscoots	0	1	0	0	0	1
forsencd	0	1	0	0	0	1
skinhead	0	1	0	0	0	1
snea	0	1	0	0	0	1
forsennugg	0	1	0	0	0	1
forsenhobo	0	1	0	0	0	1
monkey	0	1	0	0	0	1
untrained	0	1	0	0	0	1
forsenbased	0	1	0	0	0	1
cadetber	0	1	0	0	0	1
fit	0	1	0	0	0	1
ova	0	1	0	0	0	1
pogt	0	1	0	0	0	1
monkaomega	0	1	0	0	0	1
don	0	1	0	0	0	1
cheeks	0	1	0	0	0	1
eachother	0	1	0	0	0	1
anthing	0	1	0	0	0	1
rise	0	1	0	0	0	1
pulse	0	1	0	0	0	1
glazes	0	1	0	0	0	1
paly	0	1	0	0	0	1
bajs	0	1	0	0	0	1
sith	0	1	0	0	0	1
forsensingingatyou	0	1	0	0	0	1
forsenhappy	0	1	0	0	0	1
yeye	0	1	0	0	0	1
ohh	0	1	0	0	0	1
popped	0	1	0	0	0	1
thought	0	1	0	0	0	1
olympics	0	1	0	0	0	1
akira	0	1	0	0	0	1
cauliflower	0	1	0	0	0	1
tittan	0	1	0	0	0	1
furious	0	1	0	0	0	1
fast	0	1	0	0	0	1
omfg	0	1	0	0	0	1
rachel	0	1	0	0	0	1
manually	0	1	0	0	0	1
videos	0	1	0	0	0	1
collects	0	1	0	0	0	1
graf	0	1	0	0	0	1
yas	0	1	0	0	0	1
zin	0	1	0	0	0	1
memories	0	1	0	0	0	1
levels	0	1	0	0	0	1
troll	0	1	0	0	0	1
lotus	0	1	0	0	0	1
sweater	0	1	0	0	0	1
neek	0	1	0	0	0	1
mazz	0	1	0	0	0	1
pella	0	1	0	0	0	1
hannah	0	1	0	0	0	1
abbi	0	1	0	0	0	1
detectors	0	1	0	0	0	1
metal	0	1	0	0	0	1
watched	0	1	0	0	0	1
office	0	1	0	0	0	1
grottymaxing	0	1	0	0	0	1
jonay	0	1	0	0	0	1
whys	0	1	0	0	0	1
pommys	0	1	0	0	0	1
dominos	0	1	0	0	0	1
holding	0	1	0	0	0	1
season	0	1	0	0	0	1
caul	0	1	0	0	0	1
finish	0	1	0	0	0	1
sammeahh	0	1	0	0	0	1
mythical	0	1	0	0	0	1
jumper	0	1	0	0	0	1
cop	0	1	0	0	0	1
elsia	0	1	0	0	0	1
annia	0	1	0	0	0	1
elite	0	1	0	0	0	1
delta	0	1	0	0	0	1
extreme	0	1	0	0	0	1
coopers	0	1	0	0	0	1
impala	0	1	0	0	0	1
tame	0	1	0	0	0	1
catmunch	0	1	0	0	0	1
smrt	0	1	0	0	0	1
carrying	0	1	0	0	0	1
jonnay	0	1	0	0	0	1
lmaoaoaoaoaoaa	0	1	0	0	0	1
lmoaoaooa	0	1	0	0	0	1
lmfaoaooao	0	1	0	0	0	1
lmfaaooao	0	1	0	0	0	1
microwave	0	1	0	0	0	1
sitting	0	1	0	0	0	1
martyn	0	1	0	0	0	1
redundant	0	1	0	0	0	1
staff	0	1	0	0	0	1
onsad	0	1	0	0	0	1
crown	0	1	0	0	0	1
saps	0	1	0	0	0	1
heyoo	0	1	0	0	0	1
whas	0	1	0	0	0	1
wadup	0	1	0	0	0	1
pondering	0	1	0	0	0	1
zamty	0	1	0	0	0	1
helo	0	1	0	0	0	1
zamo	0	1	0	0	0	1
hhi	0	1	0	0	0	1
cyimg	0	1	0	0	0	1
bravo	0	1	0	0	0	1
interfaace	0	1	0	0	0	1
echolocate	0	1	0	0	0	1
gws	0	1	0	0	0	1
rewarded	0	1	0	0	0	1
forfeits	0	1	0	0	0	1
boosfer	0	1	0	0	0	1
draftout	0	1	0	0	0	1
yum	0	1	0	0	0	1
sleep	0	1	0	0	0	1
harf	0	1	0	0	0	1
laptop	0	1	0	0	0	1
meal	0	1	0	0	0	1
monkeypat	0	1	0	0	0	1
hippo	0	1	0	0	0	1
choc_cookis	0	1	0	0	0	1
skull	0	1	0	0	0	1
machines	0	1	0	0	0	1
delete	0	1	0	0	0	1
uu	0	1	0	0	0	1
theobashrug	0	1	0	0	0	1
payed	0	1	0	0	0	1
redstone	0	1	0	0	0	1
yungy	0	1	0	0	0	1
lettucek	0	1	0	0	0	1
dtop	0	1	0	0	0	1
bigest	0	1	0	0	0	1
diamonds	0	1	0	0	0	1
paying	0	1	0	0	0	1
theos	0	1	0	0	0	1
mugm	0	1	0	0	0	1
technically	0	1	0	0	0	1
emote	0	1	0	0	0	1
imitating	0	1	0	0	0	1
deletedconfusedob	0	1	0	0	0	1
messages	0	1	0	0	0	1
goblin	0	1	0	0	0	1
drool	0	1	0	0	0	1
maleniatoes	0	1	0	0	0	1
bud	0	1	0	0	0	1
cotton	0	1	0	0	0	1
sadd	0	1	0	0	0	1
hurt	0	1	0	0	0	1
toes	0	1	0	0	0	1
choco	0	1	0	0	0	1
sponu	0	1	0	0	0	1
boats	0	1	0	0	0	1
carry	0	1	0	0	0	1
samall	0	1	0	0	0	1
rats	0	1	0	0	0	1
axel_xusky	0	1	0	0	0	1
drawing	0	1	0	0	0	1
finger	0	1	0	0	0	1
draww	0	1	0	0	0	1
stylus	0	1	0	0	0	1
listen	0	1	0	0	0	1
tupid	0	1	0	0	0	1
bonk	0	1	0	0	0	1
yeon	0	1	0	0	0	1
test	0	1	0	0	0	1
tree	0	1	0	0	0	1
mcdonalds	0	1	0	0	0	1
ragebaiting	0	1	0	0	0	1
ire	0	1	0	0	0	1
spoken	0	1	0	0	0	1
smthing	0	1	0	0	0	1
exploder	0	1	0	0	0	1
zombie	0	1	0	0	0	1
functional	0	1	0	0	0	1
depends	0	1	0	0	0	1
kissu	0	1	0	0	0	1
vani	0	1	0	0	0	1
haii	0	1	0	0	0	1
minty	0	1	0	0	0	1
loved	0	1	0	0	0	1
clueless	0	1	0	0	0	1
boi	0	1	0	0	0	1
clipped	0	1	0	0	0	1
pearitx	0	1	0	0	0	1
voet	0	1	0	0	0	1
cookiegog	0	1	0	0	0	1
relaxolol	0	1	0	0	0	1
tactics	0	1	0	0	0	1
afraid	0	1	0	0	0	1
maybehow	0	1	0	0	0	1
tach	0	1	0	0	0	1
gigglecat	0	1	0	0	0	1
curious	0	1	0	0	0	1
gotcaughttrolling	0	1	0	0	0	1
withmayx	0	1	0	0	0	1
imfrying	0	1	0	0	0	1
ash	0	1	0	0	0	1
myth	0	1	0	0	0	1
slept	0	1	0	0	0	1
woke	0	1	0	0	0	1
abruptly	0	1	0	0	0	1
fem	0	1	0	0	0	1
enter	0	1	0	0	0	1
gj	0	1	0	0	0	1
lolololol	0	1	0	0	0	1
frog	0	1	0	0	0	1
villagers	0	1	0	0	0	1
beds	0	1	0	0	0	1
bread	0	1	0	0	0	1
mace	0	1	0	0	0	1
redoons	0	1	0	0	0	1
pood	0	1	0	0	0	1
ashswags	0	1	0	0	0	1
peepogiggles	0	1	0	0	0	1
creepers	0	1	0	0	0	1
showing	0	1	0	0	0	1
doors	0	1	0	0	0	1
iron	0	1	0	0	0	1
lololololol	0	1	0	0	0	1
feet	0	0	1	0	0	1
ohnepixel	0	0	1	0	0	1
sales	0	0	1	0	0	1
listings	0	0	1	0	0	1
cuh	0	0	1	0	0	1
jewish	0	0	1	0	0	1
punchers	0	0	1	0	0	1
pillow	0	0	1	0	0	1
bomboclat	0	0	1	0	0	1
sdd	0	0	1	0	0	1
winetime	0	0	1	0	0	1
aro	0	0	1	0	0	1
vod	0	0	1	0	0	1
scrajj	0	0	1	0	0	1
button	0	1	0	0	0	1
timing	0	1	0	0	0	1
bought	0	0	1	0	0	1
mw	0	0	1	0	0	1
aviv	0	0	1	0	0	1
tel	0	0	1	0	0	1
living	0	0	1	0	0	1
lifesteals	0	1	0	0	0	1
announced	0	1	0	0	0	1
members	0	1	0	0	0	1
regular	0	1	0	0	0	1
includes	0	1	0	0	0	1
lowballing	0	1	0	0	0	1
noway	0	1	0	0	0	1
instantly	0	1	0	0	0	1
grow	0	1	0	0	0	1
robux	0	1	0	0	0	1
israeli	0	0	1	0	0	1
ultra	0	0	1	0	0	1
ft	0	0	1	0	0	1
sapphire	0	0	1	0	0	1
nomad	0	0	1	0	0	1
gamma	0	0	1	0	0	1
butterfly	0	0	1	0	0	1
traded	0	0	1	0	0	1
buf	0	0	1	0	0	1
pluso	0	0	1	0	0	1
minimal	0	0	1	0	0	1
bluey	0	0	1	0	0	1
gooning	0	0	1	0	0	1
extension	0	0	1	0	0	1
wencytheintern	0	0	1	0	0	1
berto	0	0	1	0	0	1
orm	0	0	1	0	0	1
gta	0	0	1	0	0	1
gai	0	0	1	0	0	1
infestation	1	0	0	0	0	1
dee	1	0	0	0	0	1
glad	1	0	0	0	0	1
int	1	0	0	0	0	1
dxx	1	0	0	0	0	1
duckdisco	1	0	0	0	0	1
permanently	1	0	0	0	0	1
toplane	1	0	0	0	0	1
villain	1	0	0	0	0	1
paidchatter	1	0	0	0	0	1
pok	0	0	1	0	0	1
karambit	0	0	1	0	0	1
gem	0	0	1	0	0	1
violents	0	0	1	0	0	1
designing	0	0	1	0	0	1
gd	0	0	1	0	0	1
overworking	1	0	0	0	0	1
firsttimeclassic	1	0	0	0	0	1
domenick	1	0	0	0	0	1
lord	1	0	0	0	0	1
ffg	1	0	0	0	0	1
timed	1	0	0	0	0	1
au	1	0	0	0	0	1
ryze	1	0	0	0	0	1
alienfell	1	0	0	0	0	1
figure	0	0	1	0	0	1
couple	0	0	1	0	0	1
emeralds	0	0	1	0	0	1
emerald	0	0	1	0	0	1
kara	0	0	1	0	0	1
lilybutbelly	0	0	1	0	0	1
milspec	0	0	1	0	0	1
float	0	0	1	0	0	1
angre	1	0	0	0	0	1
hairiest	1	0	0	0	0	1
xgg	1	0	0	0	0	1
allanr	1	0	0	0	0	1
mins	1	0	0	0	0	1
unhappy	1	0	0	0	0	1
factory	0	0	1	0	0	1
foresight	0	0	1	0	0	1
mag	0	0	1	0	0	1
nightmares	0	0	1	0	0	1
opened	0	0	1	0	0	1
cbarkinnies	0	0	1	0	0	1
logos	0	0	1	0	0	1
logo	0	0	1	0	0	1
design	0	0	1	0	0	1
fade	0	0	1	0	0	1
amber	0	0	1	0	0	1
bus	0	0	1	0	0	1
public	0	0	1	0	0	1
boner	0	0	1	0	0	1
ronxtian	0	0	1	0	0	1
aug	0	0	1	0	0	1
little_ahmbouth	0	0	1	0	0	1
bobrgoon	0	0	1	0	0	1
inerx	0	0	1	0	0	1
artwork	0	0	1	0	0	1
overreated	0	0	1	0	0	1
womans	0	0	1	0	0	1
frites	0	0	1	0	0	1
ratirlglider	1	0	0	0	0	1
keller	0	0	1	0	0	1
hellen	0	0	1	0	0	1
juliletsgo	0	0	1	0	0	1
vlouuemama	0	0	1	0	0	1
sandbags	0	0	1	0	0	1
despairge	0	0	1	0	0	1
outclassed	0	0	1	0	0	1
ekkochest	0	0	1	0	0	1
vivigraal	0	0	1	0	0	1
bearthebear_pyry	0	0	1	0	0	1
banner	0	0	1	0	0	1
babafigo	0	0	1	0	0	1
fully	0	0	1	0	0	1
wladcad	0	0	1	0	0	1
halloofgimplzism	0	0	1	0	0	1
frauds	0	0	1	0	0	1
acestare	0	0	1	0	0	1
forsenalright	0	0	1	0	0	1
forefit	0	0	1	0	0	1
strategies	0	0	1	0	0	1
tactic	0	0	1	0	0	1
borpaspin	1	0	0	0	0	1
synergy	1	0	0	0	0	1
kasante	1	0	0	0	0	1
bossman	1	0	0	0	0	1
kirkendaciously	1	0	0	0	0	1
usage	1	0	0	0	0	1
doenst	1	0	0	0	0	1
babus	1	0	0	0	0	1
carrypov	1	0	0	0	0	1
cannon	1	0	0	0	0	1
teses	0	0	1	0	0	1
bleed	1	0	0	0	0	1
akali	1	0	0	0	0	1
nickichs	1	0	0	0	0	1
gliding	1	0	0	0	0	1
anton	1	0	0	0	0	1
chall	1	0	0	0	0	1
aswell	1	0	0	0	0	1
albania	1	0	0	0	0	1
common	1	0	0	0	0	1
lobe	1	0	0	0	0	1
frontal	1	0	0	0	0	1
ich	1	0	0	0	0	1
waste	0	0	1	0	0	1
clutch	0	0	1	0	0	1
karrigan	0	0	1	0	0	1
zywoo	0	0	1	0	0	1
disbanded	0	0	1	0	0	1
predictions	0	0	1	0	0	1
fly	0	0	1	0	0	1
sas	0	0	1	0	0	1
atralis	0	0	1	0	0	1
annoyed	0	0	1	0	0	1
nrgpain	0	0	1	0	0	1
calls	0	0	1	0	0	1
hooxis	0	0	1	0	0	1
fml	0	0	1	0	0	1
earth	0	0	1	0	0	1
caitthinking	0	0	1	0	0	1
broky	0	0	1	0	0	1
overpass	0	0	1	0	0	1
bori	0	0	1	0	0	1
thoses	0	0	1	0	0	1
believed	0	0	1	0	0	1
pains	0	0	1	0	0	1
honest	0	0	1	0	0	1
mayhem	1	0	0	0	0	1
aram	1	0	0	0	0	1
basics	1	0	0	0	0	1
belgoat	1	0	0	0	0	1
european	1	0	0	0	0	1
sound	1	0	0	0	0	1
garbage	1	0	0	0	0	1
faze	0	0	1	0	0	1
venomzera	0	0	1	0	0	1
coldzera	0	0	1	0	0	1
cobrazera	0	0	1	0	0	1
biguzera	0	0	1	0	0	1
ruger	0	0	1	0	0	1
comeback	0	0	1	0	0	1
vsmysle	0	0	1	0	0	1
phzy	0	0	1	0	0	1
company	0	0	1	0	0	1
dissolve	0	0	1	0	0	1
indoors	1	0	0	0	0	1
drake	1	0	0	0	0	1
glaze	1	0	0	0	0	1
deliberately	1	0	0	0	0	1
assist	1	0	0	0	0	1
clm	1	0	0	0	0	1
permission	1	0	0	0	0	1
flossing	1	0	0	0	0	1
painrg	0	0	1	0	0	1
de_airport	0	0	1	0	0	1
high	0	0	1	0	0	1
device	0	0	1	0	0	1
stew	0	0	1	0	0	1
turned	1	0	0	0	0	1
serbia	1	0	0	0	0	1
soccer	1	0	0	0	0	1
african	1	0	0	0	0	1
nickich	1	0	0	0	0	1
adajkdjkajkjd	1	0	0	0	0	1
waisting	1	0	0	0	0	1
winner	0	0	1	0	0	1
blame	0	0	1	0	0	1
gamble	0	0	1	0	0	1
pure	0	0	1	0	0	1
nqz	0	0	1	0	0	1
liliput	0	0	1	0	0	1
compare	0	0	1	0	0	1
inactive	0	0	1	0	0	1
proactive	0	0	1	0	0	1
boil	1	0	0	0	0	1
gulp	1	0	0	0	0	1
boiled	1	0	0	0	0	1
patient	1	0	0	0	0	1
canca	1	0	0	0	0	1
whatt	1	0	0	0	0	1
vespa	1	0	0	0	0	1
weebsdetected	0	0	1	0	0	1
estag	0	0	1	0	0	1
witness	0	0	1	0	0	1
sigh	0	0	1	0	0	1
falcons	0	0	1	0	0	1
spirit	0	0	1	0	0	1
overused	0	0	1	0	0	1
rough	0	0	1	0	0	1
inferno	0	0	1	0	0	1
werent	0	0	1	0	0	1
botralis	0	0	1	0	0	1
prospects	0	0	1	0	0	1
young	0	0	1	0	0	1
nuking	0	0	1	0	0	1
weke	0	0	1	0	0	1
baiting	0	0	1	0	0	1
farlig	0	0	1	0	0	1
gladly	0	0	1	0	0	1
nuke	0	0	1	0	0	1
early	0	0	1	0	0	1
clao	0	0	1	0	0	1
imo	0	0	1	0	0	1
tec	0	0	1	0	0	1
mirage	0	0	1	0	0	1
luh	1	0	0	0	0	1
calm	1	0	0	0	0	1
rent	1	0	0	0	0	1
blasted	1	0	0	0	0	1
eune	1	0	0	0	0	1
italys	1	0	0	0	0	1
drinks	1	0	0	0	0	1
pub	1	0	0	0	0	1
laner	1	0	0	0	0	1
aspiring	1	0	0	0	0	1
superstar	1	0	0	0	0	1
luckys	0	0	1	0	0	1
qualify	0	0	1	0	0	1
closing	0	0	1	0	0	1
aks	0	0	1	0	0	1
konfig	0	0	1	0	0	1
blamef	0	0	1	0	0	1
disrespect	0	0	1	0	0	1
ussles	0	0	1	0	0	1
peepoblush	1	0	0	0	0	1
buns	1	0	0	0	0	1
arc	1	0	0	0	0	1
everygame	1	0	0	0	0	1
oom	1	0	0	0	0	1
perma	1	0	0	0	0	1
monte	0	0	1	0	0	1
crossed	0	0	1	0	0	1
ldlc	0	0	1	0	0	1
bring	0	0	1	0	0	1
org	0	0	1	0	0	1
expect	0	0	1	0	0	1
underperforming	0	0	1	0	0	1
dislike	0	0	1	0	0	1
chapter	1	0	0	0	0	1
ws	1	0	0	0	0	1
water	1	0	0	0	0	1
bombarded	1	0	0	0	0	1
lithuania	1	0	0	0	0	1
stinking	1	0	0	0	0	1
pushh	1	0	0	0	0	1
util	0	0	1	0	0	1
mightve	0	0	1	0	0	1
wdym	0	0	1	0	0	1
suihy	0	0	1	0	0	1
patsi	0	0	1	0	0	1
staehr	0	0	1	0	0	1
ahmet	0	0	1	0	0	1
drope	0	0	1	0	0	1
pas	0	0	1	0	0	1
pidhi	0	0	1	0	0	1
para	0	0	1	0	0	1
kshtu	0	0	1	0	0	1
sluhet	0	0	1	0	0	1
perqendrohu	0	0	1	0	0	1
marr	0	0	1	0	0	1
omobevof	0	0	1	0	0	1
psikopat	0	0	1	0	0	1
gjujte	0	0	1	0	0	1
hits	0	0	1	0	0	1
tilt	0	0	1	0	0	1
barrels	0	0	1	0	0	1
molly	0	0	1	0	0	1
kosovo	0	0	1	0	0	1
silly	0	0	1	0	0	1
qendisje	0	0	1	0	0	1
diagnosed	1	0	0	0	0	1
officially	1	0	0	0	0	1
fcking	1	0	0	0	0	1
mistakes	1	0	0	0	0	1
anymorre	1	0	0	0	0	1
ego	1	0	0	0	0	1
bait	1	0	0	0	0	1
couldve	1	0	0	0	0	1
alcoholic	1	0	0	0	0	1
krismen	0	0	1	0	0	1
nija	0	0	1	0	0	1
nferka	0	0	1	0	0	1
shtine	0	0	1	0	0	1
hoci	0	0	1	0	0	1
shloj	0	0	1	0	0	1
bruda	0	0	1	0	0	1
loj	0	0	1	0	0	1
ska	0	0	1	0	0	1
stremin	0	0	1	0	0	1
lsho	0	0	1	0	0	1
dud	0	0	1	0	0	1
mur	0	0	1	0	0	1
arbrit	0	0	1	0	0	1
tfala	0	0	1	0	0	1
rexhepi	0	0	1	0	0	1
arber	0	0	1	0	0	1
dhe	0	0	1	0	0	1
nga	0	0	1	0	0	1
respekte	0	0	1	0	0	1
haram	1	0	0	0	0	1
drinking	1	0	0	0	0	1
bomber	1	0	0	0	0	1
chosen	1	0	0	0	0	1
peice	1	0	0	0	0	1
showlove	1	0	0	0	0	1
asz	1	0	0	0	0	1
greedy	1	0	0	0	0	1
tard	1	0	0	0	0	1
terrorist	1	0	0	0	0	1
braindead	1	0	0	0	0	1
retard	1	0	0	0	0	1
gruja	0	0	1	0	0	1
vika	0	0	1	0	0	1
marry	0	0	1	0	0	1
biljat	0	0	1	0	0	1
sshti	0	0	1	0	0	1
lujka	0	0	1	0	0	1
qysh	0	0	1	0	0	1
jog	0	0	1	0	0	1
gloves	0	0	1	0	0	1
pair	0	0	1	0	0	1
consisting	0	0	1	0	0	1
aha	0	0	1	0	0	1
joining	0	0	1	0	0	1
shipka	0	0	1	0	0	1
thy	0	0	1	0	0	1
unity	0	0	1	0	0	1
hec	0	0	1	0	0	1
apot	0	0	1	0	0	1
rrok	0	0	1	0	0	1
valla	0	0	1	0	0	1
kangall	0	0	1	0	0	1
vlla	0	0	1	0	0	1
kabllen	0	0	1	0	0	1
shtre	0	0	1	0	0	1
hashshshahan	0	0	1	0	0	1
depositers	0	0	1	0	0	1
highest	0	0	1	0	0	1
leaderboard	0	0	1	0	0	1
monthly	0	0	1	0	0	1
total	0	0	1	0	0	1
compete	0	0	1	0	0	1
cases	0	0	1	0	0	1
mallin	0	0	1	0	0	1
prishtina	0	0	1	0	0	1
kallxove	0	0	1	0	0	1
kesh	0	0	1	0	0	1
krejt	0	0	1	0	0	1
kallxoja	0	0	1	0	0	1
bunnii	1	0	0	0	0	1
js	1	0	0	0	0	1
cent	1	0	0	0	0	1
moodas	1	0	0	0	0	1
eww	1	0	0	0	0	1
tardtard	1	0	0	0	0	1
moms	1	0	0	0	0	1
loves	1	0	0	0	0	1
st	1	0	0	0	0	1
waiting	0	0	1	0	0	1
skinplace	0	0	1	0	0	1
kalum	0	0	1	0	0	1
rastin	0	0	1	0	0	1
kallxona	0	0	1	0	0	1
whens	1	0	0	0	0	1
scales	1	0	0	0	0	1
awhile	1	0	0	0	0	1
sourin	1	0	0	0	0	1
cluegi	1	0	0	0	0	1
pogg	1	0	0	0	0	1
killean	1	0	0	0	0	1
interexi	0	0	1	0	0	1
hilltin	0	0	1	0	0	1
lshu	0	0	1	0	0	1
aty	0	0	1	0	0	1
investu	0	0	1	0	0	1
kena	0	0	1	0	0	1
informo	0	0	1	0	0	1
kosoves	0	0	1	0	0	1
motelet	0	0	1	0	0	1
ibretin	0	0	1	0	0	1
tregu	0	0	1	0	0	1
kopili	0	0	1	0	0	1
ky	0	0	1	0	0	1
pi	0	0	1	0	0	1
dha	0	0	1	0	0	1
tka	0	0	1	0	0	1
nonen	0	0	1	0	0	1
seksirash	0	0	1	0	0	1
popull	0	0	1	0	0	1
fundit	0	0	1	0	0	1
knaq	0	0	1	0	0	1
haver	0	0	1	0	0	1
shoqes	0	0	1	0	0	1
ksaj	0	0	1	0	0	1
omel	0	0	1	0	0	1
shqip	0	0	1	0	0	1
sdin	0	0	1	0	0	1
shyqyr	0	0	1	0	0	1
mannered	0	0	1	0	0	1
dixk	0	0	1	0	0	1
motel	0	0	1	0	0	1
ndreq	0	0	1	0	0	1
qeth	0	0	1	0	0	1
anglisht	0	0	1	0	0	1
nisi	0	0	1	0	0	1
refill	0	0	1	0	0	1
fell	0	0	1	0	0	1
pipat	0	0	1	0	0	1
ngermi	0	0	1	0	0	1
ngaren	0	0	1	0	0	1
dilni	0	0	1	0	0	1
cm	0	0	1	0	0	1
juanflatro	0	0	1	0	0	1
ngjyks	0	0	1	0	0	1
kryn	0	0	1	0	0	1
tja	0	0	1	0	0	1
deri	0	0	1	0	0	1
benefits	0	0	1	0	0	1
reap	0	0	1	0	0	1
weekly	0	0	1	0	0	1
signup	0	0	1	0	0	1
grab	0	0	1	0	0	1
csgoempire	0	0	1	0	0	1
shkretu	0	0	1	0	0	1
ditem	0	0	1	0	0	1
cka	0	0	1	0	0	1
gjora	0	0	1	0	0	1
zbritje	0	0	1	0	0	1
nje	0	0	1	0	0	1
kodin	0	0	1	0	0	1
perdoreni	0	0	1	0	0	1
papidhsat	0	0	1	0	0	1
posht	0	0	1	0	0	1
kar	0	0	1	0	0	1
pernime	0	0	1	0	0	1
menon	0	0	1	0	0	1
najkush	0	0	1	0	0	1
nin	0	0	1	0	0	1
flatricc	0	0	1	0	0	1
punu	0	0	1	0	0	1
shtatzan	0	0	1	0	0	1
lan	0	0	1	0	0	1
mos	0	0	1	0	0	1
pessoa	0	0	1	0	0	1
naten	0	0	1	0	0	1
hek	0	0	1	0	0	1
pale	0	0	1	0	0	1
mo	0	0	1	0	0	1
vje	0	0	1	0	0	1
nuk	0	0	1	0	0	1
nanen	0	0	1	0	0	1
hospitality	0	0	1	0	0	1
qfar	0	0	1	0	0	1
po	0	0	1	0	0	1
delay	0	0	1	0	0	1
produkteve	0	0	1	0	0	1
varesisht	0	0	1	0	0	1
miq	0	0	1	0	0	1
marramendese	0	0	1	0	0	1
nem	0	0	1	0	0	1
tatuado	0	0	1	0	0	1
branco	0	0	1	0	0	1
prove	0	0	1	0	0	1
carros	0	0	1	0	0	1
ionians	1	0	0	0	0	1
shilling	1	0	0	0	0	1
masterclass	1	0	0	0	0	1
imbee	1	0	0	0	0	1
perfectly	1	0	0	0	0	1
reenabled	1	0	0	0	0	1
buggy	1	0	0	0	0	1
baussi	1	0	0	0	0	1
dodges	1	0	0	0	0	1
hj	0	0	1	0	0	1
participar	0	0	1	0	0	1
dar	0	0	1	0	0	1
ia	0	0	1	0	0	1
jon	0	0	1	0	0	1
ver	0	0	1	0	0	1
indo	0	0	1	0	0	1
irmao	0	0	1	0	0	1
meu	0	0	1	0	0	1
mais	0	0	1	0	0	1
sabe	0	0	1	0	0	1
jogando	0	0	1	0	0	1
clima	0	0	1	0	0	1
ficou	0	0	1	0	0	1
pegada	0	0	1	0	0	1
essa	0	0	1	0	0	1
gamers	0	0	1	0	0	1
conto	0	0	1	0	0	1
valorantcs	0	0	1	0	0	1
cenario	0	0	1	0	0	1
kakakakkakakaka	0	0	1	0	0	1
confia	0	0	1	0	0	1
perdido	0	0	1	0	0	1
conhecid	0	0	1	0	0	1
forbidden	1	0	0	0	0	1
huni	1	0	0	0	0	1
space	1	0	0	0	0	1
ulting	1	0	0	0	0	1
tab	1	0	0	0	0	1
restart	1	0	0	0	0	1
zuh	1	0	0	0	0	1
tims	1	0	0	0	0	1
program	1	0	0	0	0	1
participante	0	0	1	0	0	1
onda	0	0	1	0	0	1
segura	0	0	1	0	0	1
barrak	0	0	1	0	0	1
calma	0	0	1	0	0	1
kakakakkakakkaka	0	0	1	0	0	1
passo	0	0	1	0	0	1
engano	0	0	1	0	0	1
guarulhos	0	0	1	0	0	1
mora	0	0	1	0	0	1
entendi	0	0	1	0	0	1
conhesse	0	0	1	0	0	1
aba	0	0	1	0	0	1
abre	0	0	1	0	0	1
abrir	0	0	1	0	0	1
mulher	0	0	1	0	0	1
barrk	0	0	1	0	0	1
dos	0	0	1	0	0	1
tava	0	0	1	0	0	1
pior	0	0	1	0	0	1
entao	0	0	1	0	0	1
aegimariam	1	0	0	0	0	1
ffzw	1	0	0	0	0	1
singer	1	0	0	0	0	1
recognize	1	0	0	0	0	1
namoro	0	0	1	0	0	1
pede	0	0	1	0	0	1
tt	0	0	1	0	0	1
castigo	0	0	1	0	0	1
ficar	0	0	1	0	0	1
categoria	0	0	1	0	0	1
mano	0	0	1	0	0	1
paizao	0	0	1	0	0	1
comeon	0	0	1	0	0	1
nova	0	0	1	0	0	1
conta	0	0	1	0	0	1
ikgual	0	0	1	0	0	1
tatuagem	0	0	1	0	0	1
encaixei	0	0	1	0	0	1
nao	0	0	1	0	0	1
saintmaia	0	0	1	0	0	1
poe	0	0	1	0	0	1
sem	0	0	1	0	0	1
aq	0	0	1	0	0	1
tudo	0	0	1	0	0	1
sozinho	0	0	1	0	0	1
mudando	0	0	1	0	0	1
acho	0	0	1	0	0	1
outros	0	0	1	0	0	1
cumback	0	0	1	0	0	1
notlikethis	0	0	1	0	0	1
tribut	0	0	1	0	0	1
lore	0	0	1	0	0	1
sadeg	1	0	0	0	0	1
wth	1	0	0	0	0	1
acc	1	0	0	0	0	1
hshshshaha	1	0	0	0	0	1
nunu	1	0	0	0	0	1
lesbian	1	0	0	0	0	1
nahhuhh	1	0	0	0	0	1
lhgjgkhgljlhgl	1	0	0	0	0	1
ko	1	0	0	0	0	1
dragon	0	0	1	0	0	1
rush	0	0	1	0	0	1
uncs	0	0	1	0	0	1
splice	0	0	1	0	0	1
fifa	0	0	1	0	0	1
shake	0	0	1	0	0	1
hyperdansi	0	0	1	0	0	1
comebek	0	0	1	0	0	1
loolo	0	0	1	0	0	1
yew	0	0	1	0	0	1
owe	0	0	1	0	0	1
peek	0	0	1	0	0	1
ggwp	0	0	1	0	0	1
clan	0	0	1	0	0	1
overtime	0	0	1	0	0	1
academy	0	0	1	0	0	1
spirits	0	0	1	0	0	1
loan	0	0	1	0	0	1
yees	0	0	1	0	0	1
cait	1	0	0	0	0	1
coin	0	0	1	0	0	1
wood	0	0	1	0	0	1
pspgagaga	0	0	1	0	0	1
egloved	0	0	1	0	0	1
rapthis	0	0	1	0	0	1
mil	0	0	1	0	0	1
tentutu	0	0	1	0	0	1
credits	0	0	1	0	0	1
scam	0	0	1	0	0	1
tts	0	0	1	0	0	1
refund	0	0	1	0	0	1
shirley	0	0	1	0	0	1
pause	0	0	1	0	0	1
rightthere	0	0	1	0	0	1
sample	0	0	1	0	0	1
impact	0	0	1	0	0	1
parm	0	0	1	0	0	1
garlic	0	0	1	0	0	1
wasting	0	0	1	0	0	1
supply	0	0	1	0	0	1
imglitch	0	0	1	0	0	1
lghjlkghjlkg	1	0	0	0	0	1
hljlkjjk	1	0	0	0	0	1
hlkj	1	0	0	0	0	1
omnegalul	1	0	0	0	0	1
fkhglkklhjklghjlkgh	1	0	0	0	0	1
hkfkh	1	0	0	0	0	1
fhlg	1	0	0	0	0	1
cheeck	1	0	0	0	0	1
markl	1	0	0	0	0	1
keshaeuw	1	0	0	0	0	1
zoom	0	0	1	0	0	1
helpoo	1	0	0	0	0	1
nowaying	1	0	0	0	0	1
wholesome	1	0	0	0	0	1
vettu	1	0	0	0	0	1
imorn	1	0	0	0	0	1
studenten	1	0	0	0	0	1
tar	1	0	0	0	0	1
jag	1	0	0	0	0	1
bror	1	0	0	0	0	1
sayon	1	0	0	0	0	1
overflicked	0	0	1	0	0	1
kfc	0	0	1	0	0	1
csgo	0	0	1	0	0	1
cheaper	0	0	1	0	0	1
bussin	0	0	1	0	0	1
dishwasher	0	0	1	0	0	1
changing	0	0	1	0	0	1
molotov	0	0	1	0	0	1
owen	0	0	1	0	0	1
advantage	0	0	1	0	0	1
slend	0	0	1	0	0	1
klar	0	0	1	0	0	1
alles	0	0	1	0	0	1
future	0	0	1	0	0	1
strike	0	0	1	0	0	1
smoodizler	0	0	1	0	0	1
dw	0	0	1	0	0	1
genug	0	0	1	0	0	1
gut	0	0	1	0	0	1
bist	0	0	1	0	0	1
du	0	0	1	0	0	1
lime	1	0	0	0	0	1
pausechamp	0	0	1	0	0	1
gaming	0	0	1	0	0	1
number	0	0	1	0	0	1
soulflys	0	0	1	0	0	1
sign	0	0	1	0	0	1
unlucky	0	0	1	0	0	1
chllouter	0	0	1	0	0	1
zamn	0	0	1	0	0	1
ecos	0	0	1	0	0	1
tiktoks	0	0	1	0	0	1
dav	0	0	1	0	0	1
family	0	0	1	0	0	1
smoo	0	0	1	0	0	1
teamates	0	0	1	0	0	1
ohne	0	0	1	0	0	1
dimaxbusiness	0	0	1	0	0	1
blurry	0	0	1	0	0	1
res	0	0	1	0	0	1
kek	0	0	1	0	0	1
meg	1	0	0	0	0	1
meggot	1	0	0	0	0	1
honor	1	0	0	0	0	1
thresh	1	0	0	0	0	1
sht	1	0	0	0	0	1
dg	1	0	0	0	0	1
disgust	1	0	0	0	0	1
limebike	1	0	0	0	0	1
teammember	1	0	0	0	0	1
ground	1	0	0	0	0	1
hole	1	0	0	0	0	1
bike	1	0	0	0	0	1
missiles	0	0	1	0	0	1
des	0	0	1	0	0	1
vendre	0	0	1	0	0	1
peux	0	0	1	0	0	1
je	0	0	1	0	0	1
megg	1	0	0	0	0	1
toppo	1	0	0	0	0	1
princess	1	0	0	0	0	1
kitty	1	0	0	0	0	1
backseating	1	0	0	0	0	1
kind	1	0	0	0	0	1
serai	0	0	1	0	0	1
jy	0	0	1	0	0	1
militaire	0	0	1	0	0	1
salon	0	0	1	0	0	1
il	0	0	1	0	0	1
smadge	1	0	0	0	0	1
lane	1	0	0	0	0	1
musika	1	0	0	0	0	1
wher	1	0	0	0	0	1
senna	1	0	0	0	0	1
speedlaugh	1	0	0	0	0	1
eats	1	0	0	0	0	1
hesdone	1	0	0	0	0	1
yummy	1	0	0	0	0	1
sexo	0	0	1	0	0	1
trollers	0	0	1	0	0	1
ouushi	0	0	1	0	0	1
trolls	0	0	1	0	0	1
ongod	0	0	1	0	0	1
seconds	0	0	1	0	0	1
active	0	0	1	0	0	1
cheeseburger	0	0	1	0	0	1
shipping	1	0	0	0	0	1
including	1	0	0	0	0	1
purchase	1	0	0	0	0	1
incredible	1	0	0	0	0	1
goizzy	1	0	0	0	0	1
fighter	1	0	0	0	0	1
foid	1	0	0	0	0	1
poroagony	1	0	0	0	0	1
wizwu	0	0	1	0	0	1
wot	0	0	1	0	0	1
nut	0	0	1	0	0	1
getout	0	0	1	0	0	1
gays	0	0	1	0	0	1
rolls	0	0	1	0	0	1
khazix	1	0	0	0	0	1
czechia	0	0	0	1	0	1
spain	0	0	0	1	0	1
ghana	0	0	0	1	0	1
paraguay	0	0	0	1	0	1
magusthemannis	0	0	1	0	0	1
xwaga	0	0	1	0	0	1
awmphm	0	0	1	0	0	1
grok	0	0	1	0	0	1
hulls	0	0	1	0	0	1
sara	0	0	1	0	0	1
widespeeddesert	0	0	1	0	0	1
passed	0	0	1	0	0	1
akeidz_s	0	0	1	0	0	1
vulpdank	0	0	1	0	0	1
wajaja	0	0	1	0	0	1
asstrollers	0	0	1	0	0	1
iraq	0	0	0	1	0	1
coast	0	0	0	1	0	1
ivory	0	0	0	1	0	1
godo	0	0	0	1	0	1
complain	1	0	0	0	0	1
aids	1	0	0	0	0	1
melenia	1	0	0	0	0	1
bully	1	0	0	0	0	1
earlytotally	1	0	0	0	0	1
weak	1	0	0	0	0	1
soo	1	0	0	0	0	1
nexus	1	0	0	0	0	1
freaky	1	0	0	0	0	1
balls	1	0	0	0	0	1
martial	0	0	0	1	0	1
sweepstake	0	0	0	1	0	1
pyramids	0	0	0	1	0	1
account	0	0	0	1	0	1
curaco	0	0	0	1	0	1
jordan	0	0	0	1	0	1
salah	0	0	0	1	0	1
racing	1	0	0	0	0	1
backseat	1	0	0	0	0	1
shacobong	1	0	0	0	0	1
zyx	1	0	0	0	0	1
nise	1	0	0	0	0	1
bee	1	0	0	0	0	1
oo	0	0	0	1	0	1
tgeres	0	0	0	1	0	1
ginge	0	0	0	1	0	1
frence	0	0	0	1	0	1
senegak	0	0	0	1	0	1
cheeky	0	0	0	1	0	1
clearing	0	0	0	1	0	1
army	0	0	0	1	0	1
dzeko	0	0	0	1	0	1
seeded	0	0	0	1	0	1
draw	0	0	0	1	0	1
nibble	0	0	0	1	0	1
prizes	0	0	0	1	0	1
subscribing	0	0	0	1	0	1
leaves	0	0	0	1	0	1
usa	0	0	0	1	0	1
brazil	0	0	0	1	0	1
netherlands	0	0	0	1	0	1
horror	0	0	0	1	0	1
multiple	0	0	0	1	0	1
gypsy	0	0	0	1	0	1
basketball	0	0	0	1	0	1
anthem	0	0	0	1	0	1
honduras	0	0	0	1	0	1
sing	0	0	0	1	0	1
refusing	0	0	0	1	0	1
bossed	1	0	0	0	0	1
ppl	1	0	0	0	0	1
interestingin	1	0	0	0	0	1
varieties	1	0	0	0	0	1
incident	1	0	0	0	0	1
ahah	1	0	0	0	0	1
acting	0	0	0	1	0	1
bunch	0	0	0	1	0	1
respin	0	0	0	1	0	1
leaving	0	0	0	1	0	1
duck	0	0	0	1	0	1
lineage	1	0	0	0	0	1
semi	0	0	0	1	0	1
mexicoo	0	0	0	1	0	1
omecheer	0	0	0	1	0	1
tshabalala	0	0	0	1	0	1
hahshdj	0	0	0	1	0	1
ishowspeed	0	0	0	1	0	1
bigger	0	0	0	1	0	1
himno	0	0	0	1	0	1
tyl	0	0	0	1	0	1
kickoff	0	0	0	1	0	1
ark	0	0	0	1	0	1
shirtless	0	0	0	1	0	1
ny	0	0	0	1	0	1
pussy	0	0	0	1	0	1
lakeshow	0	0	0	1	0	1
behinds	0	0	0	1	0	1
reacting	0	0	0	1	0	1
arky	0	0	0	1	0	1
shoes	0	0	0	1	0	1
pink	0	0	0	1	0	1
stadium	0	0	0	1	0	1
romania	1	0	0	0	0	1
annie	1	0	0	0	0	1
alot	1	0	0	0	0	1
asked	1	0	0	0	0	1
rightfully	1	0	0	0	0	1
hyped	1	0	0	0	0	1
pwease	1	0	0	0	0	1
hmmclueless	1	0	0	0	0	1
godfrey	1	0	0	0	0	1
direct	1	0	0	0	0	1
celebrating	0	0	0	1	0	1
da	0	0	0	1	0	1
wave	0	0	0	1	0	1
nigga	0	0	0	1	0	1
tula	0	0	0	1	0	1
gassing	0	0	0	1	0	1
speeds	0	0	0	1	0	1
nap	0	0	0	1	0	1
ain	0	0	0	1	0	1
carajo	0	0	0	1	0	1
appearance	0	0	0	1	0	1
ejae	0	0	0	1	0	1
gon	0	0	0	1	0	1
africawe	0	0	0	1	0	1
gunna	0	0	0	1	0	1
scene	0	0	0	1	0	1
raw	1	0	0	0	0	1
blast	1	0	0	0	0	1
observation	1	0	0	0	0	1
faulty	1	0	0	0	0	1
cumm	1	0	0	0	0	1
delulu	1	0	0	0	0	1
golden	1	0	0	0	0	1
larp	1	0	0	0	0	1
hour	1	0	0	0	0	1
wid	1	0	0	0	0	1
father	1	0	0	0	0	1
handless	1	0	0	0	0	1
drut	1	0	0	0	0	1
cousin	1	0	0	0	0	1
distant	1	0	0	0	0	1
poo	0	0	0	1	0	1
swedens	0	0	0	1	0	1
frace	0	0	0	1	0	1
beacon	0	0	0	1	0	1
farnce	0	0	0	1	0	1
girlfriends	0	0	0	1	0	1
heinz	0	0	0	1	0	1
ifc	0	0	0	1	0	1
goal	0	0	0	1	0	1
crowd	0	0	0	1	0	1
horse	0	0	0	1	0	1
clipping	0	0	0	1	0	1
commitment	0	0	0	1	0	1
invade	0	0	0	1	0	1
danyyuy	0	0	0	1	0	1
evening	0	0	0	1	0	1
initial	1	0	0	0	0	1
facial	0	0	0	1	0	1
dannys	0	0	0	1	0	1
timestamp	0	0	0	1	0	1
nab	0	0	0	1	0	1
sa	1	0	0	0	0	1
kicking	1	0	0	0	0	1
sneak	1	0	0	0	0	1
musk	0	0	0	1	0	1
elon	0	0	0	1	0	1
zealand	0	0	0	1	0	1
francias	0	0	0	1	0	1
vertical	0	0	0	1	0	1
ss	0	0	0	1	0	1
rw	0	0	0	1	0	1
craa	0	0	0	1	0	1
beacons	0	0	0	1	0	1
hatewatch	0	0	0	1	0	1
generational	0	0	0	1	0	1
block	0	0	0	1	0	1
hoping	0	0	0	1	0	1
hasraid	0	0	0	1	0	1
swiss	0	0	0	1	0	1
swizerland	0	0	0	1	0	1
swis	0	0	0	1	0	1
biscuit	0	0	0	1	0	1
soggy	0	0	0	1	0	1
mexio	0	0	0	1	0	1
nother	0	0	0	1	0	1
tema	0	0	0	1	0	1
singular	0	0	0	1	0	1
deserves	0	0	0	1	0	1
expressions	0	0	0	1	0	1
clock	0	0	0	1	0	1
dribble	0	0	0	1	0	1
voice	0	0	0	1	0	1
hasflex	0	0	0	1	0	1
al	1	0	0	0	0	1
blg	1	0	0	0	0	1
costreamer	1	0	0	0	0	1
caedral	1	0	0	0	0	1
heh	1	0	0	0	0	1
larps	1	0	0	0	0	1
azzapush	1	0	0	0	0	1
lois	1	0	0	0	0	1
lesgo	1	0	0	0	0	1
baby	0	0	0	1	0	1
knick	0	0	0	1	0	1
prob	0	0	0	1	0	1
liege	1	0	0	0	0	1
azzastacked	1	0	0	0	0	1
pairing	1	0	0	0	0	1
plan	1	0	0	0	0	1
azzapog	1	0	0	0	0	1
incomming	1	0	0	0	0	1
winstreak	1	0	0	0	0	1
selfish	1	0	0	0	0	1
engage	1	0	0	0	0	1
warriors	0	0	0	1	0	1
painful	0	0	0	1	0	1
smells	0	0	0	1	0	1
attempt	0	0	0	1	0	1
layup	0	0	0	1	0	1
bumped	0	0	0	1	0	1
foul	0	0	0	1	0	1
hassammie	0	0	0	1	0	1
lfg	0	0	0	1	0	1
uwuree	0	0	0	1	0	1
hasanabi	0	0	0	1	0	1
stretch	0	0	0	1	0	1
doubling	0	0	0	1	0	1
hospital	0	0	0	1	0	1
deserved	0	0	0	1	0	1
men	0	0	0	1	0	1
claudia	0	0	0	1	0	1
island	0	0	0	1	0	1
spurs	0	0	0	1	0	1
upset	0	0	0	1	0	1
championship	0	0	0	1	0	1
lead	0	0	0	1	0	1
blew	0	0	0	1	0	1
tie	0	0	0	1	0	1
silva	0	0	0	1	0	1
commentary	0	0	0	1	0	1
blocking	0	0	0	1	0	1
helping	0	0	0	1	0	1
sydrome	0	0	0	1	0	1
mc	0	0	0	1	0	1
turnover	0	0	0	1	0	1
cyring	0	0	0	1	0	1
lospeepos	0	0	0	1	0	1
factor	0	0	0	1	0	1
deciding	0	0	0	1	0	1
deaaron	0	0	0	1	0	1
inbound	0	0	0	1	0	1
guarding	0	0	0	1	0	1
fts	0	0	0	1	0	1
vista	1	0	0	0	0	1
pasta	1	0	0	0	0	1
madge	1	0	0	0	0	1
fu	1	0	0	0	0	1
pig	1	0	0	0	0	1
smile	1	0	0	0	0	1
teach	1	0	0	0	0	1
toughy	1	0	0	0	0	1
mac	1	0	0	0	0	1
roughy	1	0	0	0	0	1
wtaf	1	0	0	0	0	1
gn	1	0	0	0	0	1
praige	1	0	0	0	0	1
ornn	1	0	0	0	0	1
ukrain	1	0	0	0	0	1
wrinkled	0	0	0	1	0	1
plz	0	0	0	1	0	1
lwgobicool	0	0	0	1	0	1
piz	0	0	0	1	0	1
widehardo	0	0	0	1	0	1
menu	0	0	0	1	0	1
cus	0	0	0	1	0	1
luteal	0	0	0	1	0	1
katchi	0	0	0	1	0	1
mic	0	0	0	1	0	1
lots	0	0	0	1	0	1
savage	0	0	0	1	0	1
omw	0	0	0	1	0	1
scawy	0	0	0	1	0	1
goated	1	0	0	0	0	1
ax	1	0	0	0	0	1
grandmaster	1	0	0	0	0	1
icl	0	0	0	1	0	1
raph	0	0	0	1	0	1
rakai	0	0	0	1	0	1
jason	0	0	0	1	0	1
culture	1	0	0	0	0	1
hahasweat	1	0	0	0	0	1
alfredo	1	0	0	0	0	1
cursed	1	0	0	0	0	1
shoe	1	0	0	0	0	1
aloiss	1	0	0	0	0	1
losers	1	0	0	0	0	1
roughshod	1	0	0	0	0	1
diana	0	0	0	1	0	1
locker	0	0	0	1	0	1
safer	0	0	0	1	0	1
katchiihdmi	0	0	0	1	0	1
boutta	0	0	0	1	0	1
zoil	0	0	0	1	0	1
viet	0	0	0	1	0	1
beerobox	0	0	0	1	0	1
everyround	0	0	0	1	0	1
reksai	1	0	0	0	0	1
echo	1	0	0	0	0	1
whoa	1	0	0	0	0	1
piggy	1	0	0	0	0	1
piggys	1	0	0	0	0	1
hallo	1	0	0	0	0	1
ron	0	0	0	1	0	1
punch	0	0	0	1	0	1
seing	0	0	0	1	0	1
henny	0	0	0	1	0	1
puke	0	0	0	1	0	1
agist	0	0	0	1	0	1
ea	0	0	0	1	0	1
silky	0	0	0	1	0	1
kaichhu	0	0	0	1	0	1
spending	1	0	0	0	0	1
zaapzaap	1	0	0	0	0	1
azzapperpendicular	1	0	0	0	0	1
raidd	1	0	0	0	0	1
fiora	1	0	0	0	0	1
beating	1	0	0	0	0	1
azzap	1	0	0	0	0	1
jg	1	0	0	0	0	1
oop	0	0	0	1	0	1
tko	0	0	0	1	0	1
shotgun	0	0	0	1	0	1
bruce	0	0	0	1	0	1
woulda	0	0	0	1	0	1
wd	0	0	0	1	0	1
stinky	0	0	0	1	0	1
latery	0	0	0	1	0	1
butt	0	0	0	1	0	1
crct	0	0	0	1	0	1
auto	0	0	0	1	0	1
lurk	0	0	0	1	0	1
hammered	0	0	0	1	0	1
bros	0	0	0	1	0	1
hotdog	0	0	0	1	0	1
johnniegraceehappy	0	0	0	1	0	1
yt	0	0	0	1	0	1
beccas	0	0	0	1	0	1
justice	0	0	0	1	0	1
pausing	0	0	0	1	0	1
laughed	0	0	0	1	0	1
crackking	0	0	0	1	0	1
brag	0	0	0	1	0	1
commands	0	0	0	1	0	1
joes	0	0	0	1	0	1
awe	0	0	0	1	0	1
nvn	0	0	0	1	0	1
accurate	0	0	0	1	0	1
yedish	0	0	0	1	0	1
shammning	0	0	0	1	0	1
ocmments	0	0	0	1	0	1
large	0	0	0	1	0	1
tuchus	0	0	0	1	0	1
loosing	0	0	0	1	0	1
def	0	0	0	1	0	1
wtff	0	0	0	1	0	1
freewill	0	0	0	1	0	1
excellent	0	0	0	1	0	1
laughj	0	0	0	1	0	1
caseoh	0	0	0	1	0	1
perpendicular	1	0	0	0	0	1
coaching	1	0	0	0	0	1
anyones	1	0	0	0	0	1
riven	1	0	0	0	0	1
sheen	1	0	0	0	0	1
insightsggaloisnl	1	0	0	0	0	1
footage	1	0	0	0	0	1
review	1	0	0	0	0	1
easiest	1	0	0	0	0	1
donce	1	0	0	0	0	1
damaged	1	0	0	0	0	1
healthyn	1	0	0	0	0	1
omescrajj	0	0	0	1	0	1
heat	0	0	0	1	0	1
uuhuu	0	0	0	1	0	1
randomkid	0	0	0	1	0	1
zlatan	0	0	0	1	0	1
eaid	0	0	0	1	0	1
fcked	0	0	0	1	0	1
drew	0	0	0	1	0	1
thugs	0	0	0	1	0	1
strokes	0	0	0	1	0	1
dfdfdfsfdf	0	0	0	1	0	1
mouths	0	0	0	1	0	1
vvfvfd	0	0	0	1	0	1
rest	0	0	0	1	0	1
nijja	0	0	0	1	0	1
marlgmarrizz	0	0	0	1	0	1
reset	0	0	0	1	0	1
audio	0	0	0	1	0	1
fym	0	0	0	1	0	1
arks	0	0	0	1	0	1
glitched	0	0	0	1	0	1
relate	1	0	0	0	0	1
relationship	1	0	0	0	0	1
broke	1	0	0	0	0	1
lebronjam	1	0	0	0	0	1
costs	1	0	0	0	0	1
onlysecond	1	0	0	0	0	1
airbornecooldown	1	0	0	0	0	1
wallshas	1	0	0	0	0	1
unstoppablea	1	0	0	0	0	1
teammates	1	0	0	0	0	1
omega	1	0	0	0	0	1
suck	0	0	0	1	0	1
maladies	0	0	0	1	0	1
hexes	0	0	0	1	0	1
cast	0	0	0	1	0	1
gamba	0	0	0	1	0	1
hollon	0	0	0	1	0	1
exact	0	0	0	1	0	1
discount	0	0	0	1	0	1
custom	0	0	0	1	0	1
beast	0	0	0	1	0	1
toonzk	0	0	0	1	0	1
kekwait	0	0	0	1	0	1
expensive	0	0	0	1	0	1
mogged	0	0	0	1	0	1
er	0	0	0	1	0	1
fort	0	0	0	1	0	1
promising	0	0	0	1	0	1
youve	0	0	0	1	0	1
vedalheart	0	0	0	1	0	1
experience	0	0	0	1	0	1
evilest	0	0	0	1	0	1
smart	0	0	0	1	0	1
fakest	1	0	0	0	0	1
dash	1	0	0	0	0	1
peepolove	1	0	0	0	0	1
ocean	1	0	0	0	0	1
songsadaribbean	1	0	0	0	0	1
kasnate	1	0	0	0	0	1
trick	1	0	0	0	0	1
cuteness	0	0	0	1	0	1
weapon	0	0	0	1	0	1
ultimate	0	0	0	1	0	1
sus	0	0	0	1	0	1
evilflooshed	0	0	0	1	0	1
databasegayge	0	0	0	1	0	1
drunk	0	0	0	1	0	1
yapper	0	0	0	1	0	1
sahr	1	0	0	0	0	1
endrek	1	0	0	0	0	1
control	1	0	0	0	0	1
titans	1	0	0	0	0	1
eldrazi	1	0	0	0	0	1
kozilek	1	0	0	0	0	1
weird	1	0	0	0	0	1
glissa	1	0	0	0	0	1
baj	0	0	0	1	0	1
yesterday	0	0	0	1	0	1
vtubers	0	0	0	1	0	1
streets	0	0	0	1	0	1
mimicking	0	0	0	1	0	1
defending	0	0	0	1	0	1
bracket	1	0	0	0	0	1
stacked	1	0	0	0	0	1
balanced	1	0	0	0	0	1
ults	1	0	0	0	0	1
resistances	1	0	0	0	0	1
cmon	1	0	0	0	0	1
referencce	1	0	0	0	0	1
ihaveno	1	0	0	0	0	1
vhagarchamp	0	0	0	1	0	1
unwelcome	0	0	0	1	0	1
society	0	0	0	1	0	1
christian	0	0	0	1	0	1
notee	0	0	0	1	0	1
heads	0	0	0	1	0	1
burried	0	0	0	1	0	1
countries	0	0	0	1	0	1
burned	0	0	0	1	0	1
ambusiing	1	0	0	0	0	1
item	1	0	0	0	0	1
pen	1	0	0	0	0	1
insta	1	0	0	0	0	1
nasir	1	0	0	0	0	1
communities	0	0	0	1	0	1
olds	0	0	0	1	0	1
schmidt	0	0	0	1	0	1
kid	0	0	0	1	0	1
pattern	0	0	0	1	0	1
widespread	0	0	0	1	0	1
jubilate	0	0	0	1	0	1
status	0	0	0	1	0	1
refugee	0	0	0	1	0	1
sudan	0	0	0	1	0	1
vicious	0	0	0	1	0	1
precisely	0	0	0	1	0	1
accent	0	0	0	1	0	1
hurts	0	0	0	1	0	1
animal	0	0	0	1	0	1
pitbull	0	0	0	1	0	1
animals	0	0	0	1	0	1
adopt	0	0	0	1	0	1
open	0	0	0	1	0	1
crusades	0	0	0	1	0	1
coffezilla	0	0	0	1	0	1
cover	0	0	0	1	0	1
ostridges	0	0	0	1	0	1
grief	0	0	0	1	0	1
target	0	0	0	1	0	1
burn	0	0	0	1	0	1
peaceful	0	0	0	1	0	1
refugees	0	0	0	1	0	1
resolved	0	0	0	1	0	1
wars	0	0	0	1	0	1
complete	0	0	0	1	0	1
wheeling	0	0	0	1	0	1
lvl	0	0	0	1	0	1
cultist	0	0	0	1	0	1
mind	0	0	0	1	0	1
populace	0	0	0	1	0	1
targeting	0	0	0	1	0	1
rundown	0	0	0	1	0	1
temples	0	0	0	1	0	1
paul	0	0	0	1	0	1
british	0	0	0	1	0	1
speaks	0	0	0	1	0	1
brings	0	0	0	1	0	1
refuse	1	0	0	0	0	1
stalin	1	0	0	0	0	1
tching	1	0	0	0	0	1
goatr	1	0	0	0	0	1
hambuhguh	1	0	0	0	0	1
iirc	1	0	0	0	0	1
aniqtoohigh	1	0	0	0	0	1
peers	0	0	0	1	0	1
ruin	0	0	0	1	0	1
libtards	0	0	0	1	0	1
scotland	0	0	0	1	0	1
govt	0	0	0	1	0	1
stabbed	0	0	0	1	0	1
kindergarten	0	0	0	1	0	1
small	0	0	0	1	0	1
controling	0	0	0	1	0	1
leftwoke	0	0	0	1	0	1
circumstances	0	0	0	1	0	1
created	0	0	0	1	0	1
wedidthat	0	0	0	1	0	1
set	0	0	0	1	0	1
blind	0	0	0	1	0	1
invite	0	0	0	1	0	1
immigrants	0	0	0	1	0	1
pakistani	0	0	0	1	0	1
girls	0	0	0	1	0	1
targetted	0	0	0	1	0	1
kessler	0	0	0	1	0	1
governement	0	0	0	1	0	1
disgusting	0	0	0	1	0	1
judges	0	0	0	1	0	1
migrant	0	0	0	1	0	1
reality	0	0	0	1	0	1
uneducated	0	0	0	1	0	1
thinks	0	0	0	1	0	1
bozo	0	0	0	1	0	1
power	0	0	0	1	0	1
racist	0	0	0	1	0	1
retarts	0	0	0	1	0	1
fkn	0	0	0	1	0	1
dod	0	0	0	1	0	1
irish	0	0	0	1	0	1
foreigner	0	0	0	1	0	1
brazilian	0	0	0	1	0	1
prison	0	0	0	1	0	1
commits	0	0	0	1	0	1
west	0	0	0	1	0	1
longer	0	0	0	1	0	1
civilization	0	0	0	1	0	1
western	0	0	0	1	0	1
compatible	0	0	0	1	0	1
slop	0	0	0	1	0	1
propaganda	0	0	0	1	0	1
censoring	0	0	0	1	0	1
neck	0	0	0	1	0	1
sawing	0	0	0	1	0	1
fact	0	0	0	1	0	1
prayge	0	0	0	1	0	1
yearly	0	0	0	1	0	1
prioritizing	0	0	0	1	0	1
asian	0	0	0	1	0	1
childhood	0	0	0	1	0	1
shouldnt	0	0	0	1	0	1
complicit	0	0	0	1	0	1
consequences	0	0	0	1	0	1
communistic	0	0	0	1	0	1
migrants	0	0	0	1	0	1
posts	0	0	0	1	0	1
sentencing	0	0	0	1	0	1
news	0	0	0	1	0	1
daily	0	0	0	1	0	1
clothing	0	0	0	1	0	1
sheeps	0	0	0	1	0	1
wolf	0	0	0	1	0	1
tribalism	0	0	0	1	0	1
howdy	0	0	0	1	0	1
perpetrators	0	0	0	1	0	1
politicians	0	0	0	1	0	1
pepew	0	0	0	1	0	1
identical	0	0	0	1	0	1
christianity	0	0	0	1	0	1
piggies	1	0	0	0	0	1
blonde	1	0	0	0	0	1
skinny	1	0	0	0	0	1
djset	1	0	0	0	0	1
pre	1	0	0	0	0	1
sending	1	0	0	0	0	1
weed	1	0	0	0	0	1
agree	0	0	0	1	0	1
passionate	0	0	0	1	0	1
condemn	0	0	0	1	0	1
descent	0	0	0	1	0	1
protects	0	0	0	1	0	1
law	0	0	0	1	0	1
american	0	0	0	1	0	1
native	0	0	0	1	0	1
riots	0	0	0	1	0	1
blm	0	0	0	1	0	1
supposed	0	0	0	1	0	1
kingsmnext	0	0	0	1	0	1
kingsmgo	0	0	0	1	0	1
kingsmgg	0	0	0	1	0	1
triggers	0	0	0	1	0	1
innocence	0	0	0	1	0	1
races	0	0	0	1	0	1
align	0	0	0	1	0	1
teens	0	0	0	1	0	1
convent	0	0	0	1	0	1
replied	0	0	0	0	1	1
wsg	0	0	0	0	1	1
val	0	0	0	0	1	1
planned	0	0	0	0	1	1
unban	0	0	0	0	1	1
somp	0	0	0	0	1	1
runs	0	0	0	0	1	1
relgions	0	0	0	1	0	1
zones	0	0	0	1	0	1
shocked	0	0	0	1	0	1
brown	0	0	0	1	0	1
infiltrated	0	0	0	1	0	1
democracy	0	0	0	1	0	1
restore	0	0	0	1	0	1
return	0	0	0	1	0	1
kings	0	0	0	1	0	1
shits	1	0	0	0	0	1
lived	1	0	0	0	0	1
gooned	1	0	0	0	0	1
pogu	1	0	0	0	0	1
rubbw	1	0	0	0	0	1
goon	1	0	0	0	0	1
stalking	1	0	0	0	0	1
sung	1	0	0	0	0	1
colors	1	0	0	0	0	1
fav	1	0	0	0	0	1
realise	1	0	0	0	0	1
ygra	1	0	0	0	0	1
decks	1	0	0	0	0	1
precons	1	0	0	0	0	1
bloomburrow	1	0	0	0	0	1
raising	0	0	0	0	1	1
subscriberrunescape	0	0	0	0	1	1
miykuavipmonth	0	0	0	0	1	1
lend	0	0	0	0	1	1
rsolution	0	0	0	0	1	1
noice	0	0	0	0	1	1
gangy	0	0	0	0	1	1
firework	0	0	0	0	1	1
contacts	0	0	0	0	1	1
sofisomby	0	0	0	0	1	1
dihlights	0	0	0	0	1	1
led	0	0	0	0	1	1
whyppie	0	0	0	0	1	1
oops	0	0	0	0	1	1
helps	0	0	0	0	1	1
fee	0	0	0	0	1	1
giggles	1	0	0	0	0	1
dinner	0	0	0	0	1	1
broomstick	0	0	0	0	1	1
ure	0	0	0	0	1	1
bits	0	0	0	0	1	1
cani	0	0	0	0	1	1
chats	0	0	0	0	1	1
switching	0	0	0	0	1	1
pissing	0	0	0	0	1	1
demons	0	0	0	0	1	1
gyal	0	0	0	0	1	1
aiming	0	0	0	0	1	1
bieber	0	0	0	0	1	1
oozing	0	0	0	0	1	1
shyt	0	0	0	0	1	1
nihao	0	0	0	0	1	1
skulldelights	0	0	0	0	1	1
hiya	0	0	0	0	1	1
mama	0	0	0	0	1	1
letswin	0	0	0	0	1	1
rhythia	0	0	0	0	1	1
lft_tenkofps	0	0	0	0	1	1
bats	0	0	0	0	1	1
bat	0	0	0	0	1	1
tight	0	0	0	0	1	1
gabbar	0	0	0	0	1	1
muscles	0	0	0	0	1	1
tuff	0	0	0	0	1	1
outlines	0	0	0	0	1	1
green	0	0	0	0	1	1
size	0	0	0	0	1	1
dot	0	0	0	0	1	1
whitw	0	0	0	0	1	1
consume	1	0	0	0	0	1
dats	1	0	0	0	0	1
anuncios	1	0	0	0	0	1
segundos	1	0	0	0	0	1
poner	1	0	0	0	0	1
acaba	1	0	0	0	0	1
gigachad	1	0	0	0	0	1
creation	1	0	0	0	0	1
emojis	1	0	0	0	0	1
copypaste	1	0	0	0	0	1
zaayum	1	0	0	0	0	1
winrate	1	0	0	0	0	1
entire	1	0	0	0	0	1
operas	1	0	0	0	0	1
ghetto	1	0	0	0	0	1
boy	1	0	0	0	0	1
knew	0	0	0	0	1	1
meses	0	0	0	0	1	1
volver	0	0	0	0	1	1
hacelo	0	0	0	0	1	1
llores	0	0	0	0	1	1
rubblife	0	0	0	0	1	1
verycat	0	0	0	0	1	1
teasing	0	0	0	0	1	1
verde	0	0	0	0	1	1
conocido	0	0	0	0	1	1
hubiera	0	0	0	0	1	1
juans	0	0	0	0	1	1
gigl	0	0	0	0	1	1
vegetta	0	0	0	0	1	1
split	0	0	0	0	1	1
alcohol	1	0	0	0	0	1
pointing	0	0	0	0	1	1
thanyou	0	0	0	0	1	1
standing	0	0	0	0	1	1
hh	0	0	0	0	1	1
sicko	0	0	0	0	1	1
chest	0	0	0	0	1	1
angst	0	0	0	0	1	1
kelpamine	0	0	0	0	1	1
sadss	0	0	0	0	1	1
hypelove	0	0	0	0	1	1
holaa	0	0	0	0	1	1
fuch	0	0	0	0	1	1
ssaj	0	0	0	0	1	1
stopp	0	0	0	0	1	1
prank	0	0	0	0	1	1
bawling	0	0	0	0	1	1
maps	0	0	0	0	1	1
sen	0	0	0	0	1	1
toolkit	0	0	0	0	1	1
invest	0	0	0	0	1	1
obv	0	0	0	0	1	1
survivor	1	0	0	0	0	1
tiger	1	0	0	0	0	1
oomg	1	0	0	0	0	1
geil	1	0	0	0	0	1
internet	1	0	0	0	0	1
fps	1	0	0	0	0	1
deluxer	1	0	0	0	0	1
paketloss	1	0	0	0	0	1
teleporting	1	0	0	0	0	1
spikes	1	0	0	0	0	1
ye	0	0	0	0	1	1
turkish	0	0	0	0	1	1
trolled	0	0	0	0	1	1
itw	0	0	0	0	1	1
haven	0	0	0	0	1	1
fairs	0	0	0	0	1	1
hero	0	0	0	0	1	1
jinx	0	0	0	0	1	1
puchan	0	0	0	0	1	1
gofns	0	0	0	0	1	1
stairway	0	0	0	0	1	1
qing	0	0	0	0	1	1
duo	0	0	0	0	1	1
defense	0	0	0	0	1	1
earlyt	0	0	0	0	1	1
vt	0	0	0	0	1	1
pearl	0	0	0	0	1	1
ui	0	0	0	0	1	1
android	0	0	0	0	1	1
iphones	0	0	0	0	1	1
final	0	0	0	0	1	1
upper	0	0	0	0	1	1
ms	1	0	0	0	0	1
avengers	1	0	0	0	0	1
happydhappy	1	0	0	0	0	1
heren	1	0	0	0	0	1
ldr	1	0	0	0	0	1
hexoptics	1	0	0	0	0	1
buts	1	0	0	0	0	1
emea	0	0	0	0	1	1
optic	0	0	0	0	1	1
wakes	0	0	0	0	1	1
derke	0	0	0	0	1	1
sister	0	0	0	0	1	1
navi	0	0	0	0	1	1
lilbro	0	0	0	0	1	1
socialbee	0	0	0	0	1	1
larping	0	0	0	0	1	1
cutches	0	0	0	0	1	1
thee	0	0	0	0	1	1
convert	0	0	0	0	1	1
bruv	0	0	0	0	1	1
sopp	0	0	0	0	1	1
star	0	0	0	0	1	1
duh	0	0	0	0	1	1
chronicle	0	0	0	0	1	1
lpayoffs	0	0	0	0	1	1
easier	0	0	0	0	1	1
friendly	0	0	0	0	1	1
sunday	0	0	0	0	1	1
kitten	0	0	0	0	1	1
yrs	0	0	0	0	1	1
fis	1	0	0	0	0	1
nash	1	0	0	0	0	1
bull	1	0	0	0	0	1
jihn	1	0	0	0	0	1
vayne	1	0	0	0	0	1
tristana	1	0	0	0	0	1
deliver	1	0	0	0	0	1
position	0	0	0	0	1	1
tolerate	0	0	0	0	1	1
care	0	0	0	0	1	1
survived	0	0	0	0	1	1
backyard	0	0	0	0	1	1
kittens	0	0	0	0	1	1
birth	0	0	0	0	1	1
passing	0	0	0	0	1	1
process	0	0	0	0	1	1
birthed	0	0	0	0	1	1
joshsekisadge	0	0	0	0	1	1
rescued	0	0	0	0	1	1
birthday	0	0	0	0	1	1
joshseki	0	0	0	0	1	1
syndrome	0	0	0	0	1	1
imposter	0	0	0	0	1	1
eggs	0	0	0	0	1	1
females	0	0	0	0	1	1
angel	0	0	0	0	1	1
male	0	0	0	0	1	1
vet	0	0	0	0	1	1
pairwouldnt	0	0	0	0	1	1
vv	0	0	0	0	1	1
treasure	0	0	0	0	1	1
plau	0	0	0	0	1	1
desks	1	0	0	0	0	1
chairs	1	0	0	0	0	1
butdont	1	0	0	0	0	1
labx	1	0	0	0	0	1
setup	1	0	0	0	0	1
tx	1	0	0	0	0	1
partner	1	0	0	0	0	1
agaiin	1	0	0	0	0	1
rolled	1	0	0	0	0	1
takenrg	0	0	0	0	1	1
basically	0	0	0	0	1	1
twerking	0	0	0	0	1	1
stayed	0	0	0	0	1	1
exam	0	0	0	0	1	1
fuccking	0	0	0	0	1	1
tomorrow	0	0	0	0	1	1
circle	0	0	0	0	1	1
odd	0	0	0	0	1	1
loona	0	0	0	0	1	1
prequel	0	0	0	0	1	1
character	0	0	0	0	1	1
chloe	0	0	0	0	1	1
deeper	0	0	0	0	1	1
dives	0	0	0	0	1	1
joshsekilove	0	0	0	0	1	1
lis	0	0	0	0	1	1
submissions	0	0	0	0	1	1
art	0	0	0	0	1	1
tomodachi	0	0	0	0	1	1
bomb	0	0	0	0	1	1
hydrogen	0	0	0	0	1	1
dexteritycs	0	0	0	0	1	1
sadwei	0	0	0	0	1	1
poopin	0	0	0	0	1	1
trickk	0	0	0	0	1	1
sm	0	0	0	0	1	1
continue	0	0	0	0	1	1
dms	0	0	0	0	1	1
rich	0	0	0	0	1	1
alevel	0	0	0	0	1	1
hehe	0	0	0	0	1	1
risky	0	0	0	0	1	1
tenz	0	0	0	0	1	1
temu	0	0	0	0	1	1
wasted	0	0	0	0	1	1
udon	0	0	0	0	1	1
replaced	0	0	0	0	1	1
nrgs	0	0	0	0	1	1
bored	0	0	0	0	1	1
lonely	0	0	0	0	1	1
differentiation	0	0	0	0	1	1
smcs	0	0	0	0	1	1
sam	0	0	0	0	1	1
peanut	0	0	0	0	1	1
worries	0	0	0	0	1	1
jumpscare	0	0	0	0	1	1
socials	0	0	0	0	1	1
pooper	0	0	0	0	1	1
oml	0	0	0	0	1	1
child	0	0	0	0	1	1
coughing	0	0	0	0	1	1
sms	0	0	0	0	1	1
pred	0	0	0	0	1	1
luke	0	0	0	0	1	1
differential	0	0	0	0	1	1
jett	0	0	0	0	1	1
pon	1	0	0	0	0	1
hacerlo	1	0	0	0	0	1
como	1	0	0	0	0	1
sabes	1	0	0	0	0	1
sendoshy	1	0	0	0	0	1
usando	1	0	0	0	0	1
canal	1	0	0	0	0	1
este	1	0	0	0	0	1
gratuita	1	0	0	0	0	1
completamente	1	0	0	0	0	1
forma	1	0	0	0	0	1
edg	0	0	0	0	1	1
crack	0	0	0	0	1	1
tweet	0	0	0	0	1	1
benched	0	0	0	0	1	1
apyame	1	0	0	0	0	1
suscrbete	1	0	0	0	0	1
subscriberino	1	0	0	0	0	1
noob	1	0	0	0	0	1
deeplol	1	0	0	0	0	1
catdespair	1	0	0	0	0	1
gogogo	1	0	0	0	0	1
slendo	1	0	0	0	0	1
genderfluidpride	0	0	0	0	1	1
spot	0	0	0	0	1	1
logitech	0	0	0	0	1	1
preds	0	0	0	0	1	1
rail	0	0	0	0	1	1
soop	0	0	0	0	1	1
woudl	0	0	0	0	1	1
belongs	0	0	0	0	1	1
thinking	1	0	0	0	0	1
mb	1	0	0	0	0	1
boosted	1	0	0	0	0	1
panth	1	0	0	0	0	1
mistaken	1	0	0	0	0	1
dih	0	0	0	0	1	1
maxxin	0	0	0	0	1	1
xeus	0	0	0	0	1	1
rider	0	0	0	0	1	1
zeus	0	0	0	0	1	1
hatewatching	0	0	0	0	1	1
daddy	0	0	0	0	1	1
phoenix	0	0	0	0	1	1
thefanov	0	0	0	0	1	1
thayonara	0	0	0	0	1	1
yday	0	0	0	0	1	1
ooh	0	0	0	0	1	1
scoreboard	0	0	0	0	1	1
ugly	0	0	0	0	1	1
op	0	0	0	0	1	1
widespeedlemon	0	0	0	0	1	1
rahh	0	0	0	0	1	1
vietnam	0	0	0	0	1	1
rtrt	0	0	0	0	1	1
reminds	0	0	0	0	1	1
rrq	0	0	0	0	1	1
shanks	0	0	0	0	1	1
valorant	0	0	0	0	1	1
career	0	0	0	0	1	1
loversrock	0	0	0	0	1	1
tournamenr	0	0	0	0	1	1
spectating	1	0	0	0	0	1
entrar	1	0	0	0	0	1
acabo	1	0	0	0	0	1
playoffs	1	0	0	0	0	1
plata	1	0	0	0	0	1
coachin	1	0	0	0	0	1
hazme	1	0	0	0	0	1
paquetes	1	0	0	0	0	1
esa	1	0	0	0	0	1
liguilla	1	0	0	0	0	1
thos	0	0	0	0	1	1
duelists	0	0	0	0	1	1
patch	0	0	0	0	1	1
akshan	1	0	0	0	0	1
shieldbow	1	0	0	0	0	1
path	1	0	0	0	0	1
revitalize	1	0	0	0	0	1
returns	1	0	0	0	0	1
grocery	1	0	0	0	0	1
titiulo	1	0	0	0	0	1
weekend	0	0	0	0	1	1
shroud	0	0	0	0	1	1
dominic	0	0	0	0	1	1
eny	0	0	0	0	1	1
molested	0	0	0	0	1	1
rifler	0	0	0	0	1	1
nc	0	0	0	0	1	1
envy	0	0	0	0	1	1
bums	0	0	0	0	1	1
jamppi	0	0	0	0	1	1
yelltujey	0	0	0	0	1	1
slugcheck	0	0	0	0	1	1
mendoza	0	0	0	0	1	1
wowe	0	0	0	0	1	1
nolook	0	0	0	0	1	1
women	0	0	0	0	1	1
lnk_	0	0	0	0	1	1
damnn	0	0	0	0	1	1
guest	0	0	0	0	1	1
oi	0	0	0	0	1	1
slug	0	0	0	0	1	1
yinsus	0	0	0	0	1	1
dejate	1	0	0	0	0	1
tetin	1	0	0	0	0	1
shen	1	0	0	0	0	1
sumn	0	0	0	0	1	1
interesting	0	0	0	0	1	1
glitch	0	0	0	0	1	1
goats	0	0	0	0	1	1
natan	0	0	0	0	1	1
tabbed	0	0	0	0	1	1
venue	0	0	0	0	1	1
domi	0	0	0	0	1	1
byee	0	0	0	0	1	1
dramaa	0	0	0	0	1	1
frame	0	0	0	0	1	1
pausershype	0	0	0	0	1	1
sliglove	0	0	0	0	1	1
melting	0	0	0	0	1	1
koi	0	0	0	0	1	1
baited	0	0	0	0	1	1
ghost	0	0	0	0	1	1
flux	0	0	0	0	1	1
aimlabs	0	0	0	0	1	1
wallah	0	0	0	0	1	1
lee	1	0	0	0	0	1
toplaners	1	0	0	0	0	1
jugando	1	0	0	0	0	1
estan	1	0	0	0	0	1
minute	1	0	0	0	0	1
flip	1	0	0	0	0	1
polaco	1	0	0	0	0	1
acento	1	0	0	0	0	1
yassine	0	0	0	0	1	1
ardiisw	0	0	0	0	1	1
showmatch	0	0	0	0	1	1
fc	0	0	0	0	1	1
ends	0	0	0	0	1	1
esex	0	0	0	0	1	1
wallahi	0	0	0	0	1	1
lmdfaooaoaoaaoa	0	0	0	0	1	1
tongue	0	0	0	0	1	1
imma	0	0	0	0	1	1
remembered	0	0	0	0	1	1
ear	0	0	0	0	1	1
corner	0	0	0	0	1	1
dragged	0	0	0	0	1	1
roza	0	0	0	0	1	1
tension	0	0	0	0	1	1
sexual	0	0	0	0	1	1
flash	0	0	0	0	1	1
astagferollah	0	0	0	0	1	1
passes	0	0	0	0	1	1
giveway	0	0	0	0	1	1
omdf	0	0	0	0	1	1
tyty	0	0	0	0	1	1
pass	0	0	0	0	1	1
es	1	0	0	0	0	1
nauseabundo	1	0	0	0	0	1
grotesco	1	0	0	0	0	1
todays	1	0	0	0	0	1
disaster	1	0	0	0	0	1
thosewhoslow	1	0	0	0	0	1
pickle	0	0	0	0	1	1
swarm	0	0	0	0	1	1
rep	0	0	0	0	1	1
hypothetical	0	0	0	0	1	1
noeigg	0	0	0	0	1	1
lmfaoaoa	0	0	0	0	1	1
sounding	0	0	0	0	1	1
likes	0	0	0	0	1	1
slide	0	0	0	0	1	1
bc	0	0	0	0	1	1
ripping	0	0	0	0	1	1
twitlonger	0	0	0	0	1	1
xd	0	0	0	0	1	1
mprooco	0	0	0	0	1	1
ahmed	0	0	0	0	1	1
happned	0	0	0	0	1	1
trhow	0	0	0	0	1	1
hela	0	0	0	0	1	1
fannane_a	0	0	0	0	1	1
selling	0	0	0	0	1	1
keyboard	0	0	0	0	1	1
ev	0	0	0	0	1	1
familiar	0	0	0	0	1	1
souunds	0	0	0	0	1	1
landed	0	0	0	0	1	1
pace	0	0	0	0	1	1
cries	0	0	0	0	1	1
baits	0	0	0	0	1	1
burgers	0	0	0	0	1	1
friendlier	0	0	0	0	1	1
cheerful	0	0	0	0	1	1
awful	0	0	0	0	1	1
confirm	0	0	0	0	1	1
cosplay	0	0	0	0	1	1
trainwrecks	0	0	0	0	1	1
lolmao	0	0	0	0	1	1
eh	0	0	0	0	1	1
train	0	0	0	0	1	1
ermshakey	1	0	0	0	0	1
ermbed	1	0	0	0	0	1
zermnyas	1	0	0	0	0	1
asrock	0	0	0	0	1	1
motherboard	0	0	0	0	1	1
graphite	0	0	0	0	1	1
terra	0	0	0	0	1	1
fractal	0	0	0	0	1	1
catspin	0	0	0	0	1	1
happands	0	0	0	0	1	1
aspas	0	0	0	0	1	1
carefuly	0	0	0	0	1	1
unfortunate	0	0	0	0	1	1
september	0	0	0	0	1	1
born	0	0	0	0	1	1
scoped	0	0	0	0	1	1
amd	0	0	0	0	1	1
cpu	0	0	0	0	1	1
wifi	0	0	0	0	1	1
lightning	0	0	0	0	1	1
bi	0	0	0	0	1	1
mmr	1	0	0	0	0	1
wideerm	1	0	0	0	0	1
toplanerm	1	0	0	0	0	1
progoterm	1	0	0	0	0	1
firsttimeermer	1	0	0	0	0	1
chatterm	1	0	0	0	0	1
caterm	1	0	0	0	0	1
veljerm	1	0	0	0	0	1
terminator	1	0	0	0	0	1
heserm	1	0	0	0	0	1
gwerm	1	0	0	0	0	1
camp	0	0	0	0	1	1
temetholiday	0	0	0	0	1	1
raises	0	0	0	0	1	1
exhausting	0	0	0	0	1	1
pst	0	0	0	0	1	1
pwm	0	0	0	0	1	1
arctic	0	0	0	0	1	1
rtx	0	0	0	0	1	1
performance	0	0	0	0	1	1
igital	0	0	0	0	1	1
storage	0	0	0	0	1	1
xg	0	0	0	0	1	1
gb	0	0	0	0	1	1
vengeance	0	0	0	0	1	1
ramsadorsair	0	0	0	0	1	1
ryzen	0	0	0	0	1	1
quit	0	0	0	0	1	1
temetlove	0	0	0	0	1	1
london	0	0	0	0	1	1
rotting	0	0	0	0	1	1
pov	0	0	0	0	1	1
horcus	0	0	0	0	1	1
temmet	0	0	0	0	1	1
radiant	0	0	0	0	1	1
sheer	0	0	0	0	1	1
plauers	0	0	0	0	1	1
babies	0	0	0	0	1	1
feels	0	0	0	0	1	1
hide	0	0	0	0	1	1
complains	0	0	0	0	1	1
temets	0	0	0	0	1	1
stinkyglitch	0	0	0	0	1	1
raepanic	0	0	0	0	1	1
air	0	0	0	0	1	1
kick	0	0	0	0	1	1
worked	0	0	0	0	1	1
guns	0	0	0	0	1	1
clove	0	0	0	0	1	1
instatilting	0	0	0	0	1	1
queuing	0	0	0	0	1	1
positivity	0	0	0	0	1	1
bundle	0	0	0	0	1	1
giveback	0	0	0	0	1	1
recommend	0	0	0	0	1	1
hellish	0	0	0	0	1	1
suffering	0	0	0	0	1	1
vp	0	0	0	0	1	1
neon	0	0	0	0	1	1
spidy	0	0	0	0	1	1
multiverse	0	0	0	0	1	1
spidermans	0	0	0	0	1	1
otehrs	0	0	0	0	1	1
switch	0	0	0	0	1	1
late	0	0	0	0	1	1
blocks	0	0	0	0	1	1
pad	0	0	0	0	1	1
suh	0	0	0	0	1	1
health	0	0	0	0	1	1
limit	0	0	0	0	1	1
spit	0	0	0	0	1	1
bullets	0	0	0	0	1	1
spoodermain	0	0	0	0	1	1
dinkdonk	0	0	0	0	1	1
raemhm	0	0	0	0	1	1
distance	0	0	0	0	1	1
smell	0	0	0	0	1	1
fluids	0	0	0	0	1	1
infinite	0	0	0	0	1	1
ermdeluxe	1	0	0	0	0	1
mre	1	0	0	0	0	1
alveusppeh	0	0	0	0	1	1
erminem	1	0	0	0	0	1
ermgun	1	0	0	0	0	1
ermgnite	1	0	0	0	0	1
ermgi	1	0	0	0	0	1
ermgamba	1	0	0	0	0	1
ermexplode	1	0	0	0	0	1
ermdra	1	0	0	0	0	1
ermdonalds	1	0	0	0	0	1
ermactually	1	0	0	0	0	1
mechanics	0	0	0	0	1	1
realized	0	0	0	0	1	1
learning	0	0	0	0	1	1
ermsuo	1	0	0	0	0	1
ermshield	1	0	0	0	0	1
ermport	1	0	0	0	0	1
ermking	1	0	0	0	0	1
ermki	1	0	0	0	0	1
ermjais	1	0	0	0	0	1
twins	0	0	0	0	1	1
overstimulated	0	0	0	0	1	1
harder	0	0	0	0	1	1
ogo	0	0	0	0	1	1
ropes	0	0	0	0	1	1
died	0	0	0	0	1	1
pepemeltdown	0	0	0	0	1	1
